psource,target
a10b36a7c0e1806f2d90340f69e960a4a031a517,4e9ec92a90c5d571d2f1d496f8df01f0a8f38596
6e59b2ff9088d2dae84f7d78489742f5387f905b,4e9ec92a90c5d571d2f1d496f8df01f0a8f38596
b5d9b0404b952128ebbe8e8dff6998bf88a849cf,4e9ec92a90c5d571d2f1d496f8df01f0a8f38596
aed2189fe65ccd354026ea8c7b2152d0e72747e3,4e9ec92a90c5d571d2f1d496f8df01f0a8f38596
6a4d7f162c77ee31fb05881466f0ef8897ca8b71,4e9ec92a90c5d571d2f1d496f8df01f0a8f38596
a7a62991a4b413f9e85f18a5d586e99294feef19,4e9ec92a90c5d571d2f1d496f8df01f0a8f38596
49dd4b3948ac50561c2238938bd291cff22f22b7,4e9ec92a90c5d571d2f1d496f8df01f0a8f38596
4c1a51a7291d6622753c1fbf00f77767e80f66d9,4e9ec92a90c5d571d2f1d496f8df01f0a8f38596
0f3f830b5a49fdb5c7f5dcf78553a1470a0cba65,4e9ec92a90c5d571d2f1d496f8df01f0a8f38596
febf3f62fb50468cbebc6a0ebbe541e521e71289,4e9ec92a90c5d571d2f1d496f8df01f0a8f38596
2834aec1d59762bc866648700f997dbee5930ce0,4e9ec92a90c5d571d2f1d496f8df01f0a8f38596
2bb663f00d7631d017562db3b8dbbef307d7ac03,4e9ec92a90c5d571d2f1d496f8df01f0a8f38596
8494d44390e8a6197e79382ea518c98b72400dcc,4e9ec92a90c5d571d2f1d496f8df01f0a8f38596
bfa376a611961664429bc4faa19d342067d95863,4e9ec92a90c5d571d2f1d496f8df01f0a8f38596
9aed6fe2abf324185eb0a60448936004471a4771,4e9ec92a90c5d571d2f1d496f8df01f0a8f38596
b32820134b59611e9404b5fd03cd5311fdba1f1f,4e9ec92a90c5d571d2f1d496f8df01f0a8f38596
2910539260dad7da786e755f5f128bb71065f251,4e9ec92a90c5d571d2f1d496f8df01f0a8f38596
d8cd75c92a66e33c2f7641bc29dc443558c380b5,4e9ec92a90c5d571d2f1d496f8df01f0a8f38596
83c4262f6c015050640e883a76867db48a0b0cc0,4e9ec92a90c5d571d2f1d496f8df01f0a8f38596
6b30fadf00c03ac7acb49b7680297d472c83095d,4e9ec92a90c5d571d2f1d496f8df01f0a8f38596
eb2ddf33c1f5cae4faf6bd79824d1ea36b954443,4e9ec92a90c5d571d2f1d496f8df01f0a8f38596
0d0beeaf28d695de9962fdea02aa38581438c501,4e9ec92a90c5d571d2f1d496f8df01f0a8f38596
99284f548b6923befa0cb321ce303af989bc5827,4e9ec92a90c5d571d2f1d496f8df01f0a8f38596
f1568ba53f4578c5bedf2f986bfa9b202b411db5,4e9ec92a90c5d571d2f1d496f8df01f0a8f38596
bce3583df2d01dc63c289cf38be8ecef667c762a,4e9ec92a90c5d571d2f1d496f8df01f0a8f38596
20f20ac170380cc93ee5837f145e4d055c6d58cb,4e9ec92a90c5d571d2f1d496f8df01f0a8f38596
eea9db2ea8c75373483d8209664b83dcdd9fbcde,4e9ec92a90c5d571d2f1d496f8df01f0a8f38596
c44bb1f33616044d5d74deb47dcf9718b43ad5d2,4e9ec92a90c5d571d2f1d496f8df01f0a8f38596
1987da228b90e18d94e90aa2bb4bba8181e72b5e,4e9ec92a90c5d571d2f1d496f8df01f0a8f38596
6ed70c16dad3c942ee6b20f6485af01b9a3f4f29,4e9ec92a90c5d571d2f1d496f8df01f0a8f38596
2446ed1687eb17ce27739dc4c3bb5e729a1e1d32,4e9ec92a90c5d571d2f1d496f8df01f0a8f38596
3873245f8ddfbe35c3fbb64a3ae2b8ef13b78c62,4e9ec92a90c5d571d2f1d496f8df01f0a8f38596
c623b3eaa72995b7623db752edd1da113ade9971,4e9ec92a90c5d571d2f1d496f8df01f0a8f38596
f2cd1a4d389c76962e227d43b92443f434557754,4e9ec92a90c5d571d2f1d496f8df01f0a8f38596
fe6297bb7bc600de17ab0e2a86450ab30d310ed6,4e9ec92a90c5d571d2f1d496f8df01f0a8f38596
399b209be16ee6db9f3f7f80362e4ea2a354b6bf,4e9ec92a90c5d571d2f1d496f8df01f0a8f38596
d1a454064b1c69e3ca33889561fce39a7543cc41,4e9ec92a90c5d571d2f1d496f8df01f0a8f38596
6cbe982476f0d47774df3b0f12a1b56c68634988,4e9ec92a90c5d571d2f1d496f8df01f0a8f38596
1d226eb4cc0e6e29ee1e25eaf9e595e3f124daf6,4e9ec92a90c5d571d2f1d496f8df01f0a8f38596
ce1493df4a47317a719755a849b42e60b1575f4e,4e9ec92a90c5d571d2f1d496f8df01f0a8f38596
514fbc5ef5fbb47049b18b78f58599ae8b3f57d1,4e9ec92a90c5d571d2f1d496f8df01f0a8f38596
027bd18c1c49ba6da8c3eac751150dd5d0785275,4e9ec92a90c5d571d2f1d496f8df01f0a8f38596
2d131af720e6e971a74981deafa826ced84b1a58,4e9ec92a90c5d571d2f1d496f8df01f0a8f38596
a9c07189450dfbe8f8fbddac07b783b54f29751d,4e9ec92a90c5d571d2f1d496f8df01f0a8f38596
619691783b6a38621fd16815119ca2186af23542,4e9ec92a90c5d571d2f1d496f8df01f0a8f38596
a601c822b68735c8acb05d1354453d8289238db5,4e9ec92a90c5d571d2f1d496f8df01f0a8f38596
c2359d525a23855c2d3981f897f682a4b33b16b1,4e9ec92a90c5d571d2f1d496f8df01f0a8f38596
7b80a0e1821a456b9af3b63bde427fc181007838,4e9ec92a90c5d571d2f1d496f8df01f0a8f38596
16de760100a9b48bb6ee517ae6c85e020097e161,4e9ec92a90c5d571d2f1d496f8df01f0a8f38596
5809ce36e702692f3cfe7a9f83899e81cecdd3c0,4e9ec92a90c5d571d2f1d496f8df01f0a8f38596
20e4d0f4282404f30f4bc0c80fb4fb3f5b0559c2,4e9ec92a90c5d571d2f1d496f8df01f0a8f38596
6b416788fa0eb6b757b4535b960ab6a285e48268,4e9ec92a90c5d571d2f1d496f8df01f0a8f38596
354cc60371cdf7f5d0da2ebb5791c4d9ad69a1ce,4e9ec92a90c5d571d2f1d496f8df01f0a8f38596
fa32699e5c80ea3e6d8c5bfb4feef4c71a3c3e4a,4e9ec92a90c5d571d2f1d496f8df01f0a8f38596
ce283209df71a943f9f69135ab087448a1b7992e,4e9ec92a90c5d571d2f1d496f8df01f0a8f38596
a426d25cf8a22e452aaab65a0173241b2dee181b,4e9ec92a90c5d571d2f1d496f8df01f0a8f38596
b9fa0fa2165d96fdcc13d132b7cf0156d8a82410,4e9ec92a90c5d571d2f1d496f8df01f0a8f38596
19bb29b4b34f68e16b9f9ac825db237a74bf3eba,4e9ec92a90c5d571d2f1d496f8df01f0a8f38596
5f9c932be070740b0f622abd21f9cfde36228507,4e9ec92a90c5d571d2f1d496f8df01f0a8f38596
7ce023985318f39e86ca2b39e55372902997a3c3,4e9ec92a90c5d571d2f1d496f8df01f0a8f38596
111d92bf489a4675a1451b5a7ad51dab2bc3b985,4e9ec92a90c5d571d2f1d496f8df01f0a8f38596
234795433eeb444e6039675ba6f6f829bfaae192,4e9ec92a90c5d571d2f1d496f8df01f0a8f38596
693b3a76a10fbd157346f7b09a2e1db81581fe19,4e9ec92a90c5d571d2f1d496f8df01f0a8f38596
033541e26f9c7af82fec31da4975d2aafe311cd6,4e9ec92a90c5d571d2f1d496f8df01f0a8f38596
e4ac3cb28fa95b9d7bfb615d8ccee2092a256307,4e9ec92a90c5d571d2f1d496f8df01f0a8f38596
5a4dd0c8bb9b3e25035ea57e6f63ecd7713443c3,4e9ec92a90c5d571d2f1d496f8df01f0a8f38596
63d11f1c75d644018e86669db5b3b0719927655d,4e9ec92a90c5d571d2f1d496f8df01f0a8f38596
17d9ff4f353e47d052db839f7e9291151e4197eb,4e9ec92a90c5d571d2f1d496f8df01f0a8f38596
6ec1cd750a6bc90b2448fcd1c56cbd53241a835a,4e9ec92a90c5d571d2f1d496f8df01f0a8f38596
694e9f7e8e54e2ad0ca23f510e1fb4564db996ea,4e9ec92a90c5d571d2f1d496f8df01f0a8f38596
b61f73943713fb6abe0761454304594444f2781f,4e9ec92a90c5d571d2f1d496f8df01f0a8f38596
f1235b2236b553762982d1d5606ebd5e5ede0053,4e9ec92a90c5d571d2f1d496f8df01f0a8f38596
20f71b819c0c252facc43adeadc147613a1ad0c8,4e9ec92a90c5d571d2f1d496f8df01f0a8f38596
e8d5d5705aefdbd1e101010c34fb7caebb0e8420,4e9ec92a90c5d571d2f1d496f8df01f0a8f38596
2bfb45735277735c4222bd2a4618269443cca712,4e9ec92a90c5d571d2f1d496f8df01f0a8f38596
6e5836ac85432f2bf05f3478ff974fb5d00dc73b,4e9ec92a90c5d571d2f1d496f8df01f0a8f38596
7237b8b659a26f5d5a6ee90d3ed6d6c1faf27d09,4e9ec92a90c5d571d2f1d496f8df01f0a8f38596
ca5e882422d4da2ebbd2b5601750ea5ffbfe2f75,4e9ec92a90c5d571d2f1d496f8df01f0a8f38596
1ac4eadb6fd144ac1b36f1dcf25fdfede2b01465,4e9ec92a90c5d571d2f1d496f8df01f0a8f38596
0e4d720e4aba384a3e8b85f624449958fb317ea1,4e9ec92a90c5d571d2f1d496f8df01f0a8f38596
f984994a14e9006b1e2c670c628c4270f7782198,4e9ec92a90c5d571d2f1d496f8df01f0a8f38596
a7d8e8a29520960edda4361a027502831d25c042,4e9ec92a90c5d571d2f1d496f8df01f0a8f38596
aa0d303ee64d5718fad7f9409cbaa9b1953bbfd6,4e9ec92a90c5d571d2f1d496f8df01f0a8f38596
e88d68d65ab0fc480383ec884b6928607398bfde,4e9ec92a90c5d571d2f1d496f8df01f0a8f38596
8f18f83589b79d8c5189f009fdc0fb3f2fddb50c,4e9ec92a90c5d571d2f1d496f8df01f0a8f38596
78caeb22ecf7971ea83b9af340f30a62315ddaa3,4e9ec92a90c5d571d2f1d496f8df01f0a8f38596
9bfb39b6c230647460be56a3badd385c19e8a914,4e9ec92a90c5d571d2f1d496f8df01f0a8f38596
81fe7b61891db369b3d573888f06de2057921d28,4e9ec92a90c5d571d2f1d496f8df01f0a8f38596
23f626e45d9d405af5363fd3214e4a311590d559,4e9ec92a90c5d571d2f1d496f8df01f0a8f38596
029a8a1dc0290adfd78745cfe1a5467518811ef1,4e9ec92a90c5d571d2f1d496f8df01f0a8f38596
26991c6e31e18e1d3b4bbd6dedb562d38c3270d6,4e9ec92a90c5d571d2f1d496f8df01f0a8f38596
4b51de1a10709725ac551bf446ad3c3f83261778,4e9ec92a90c5d571d2f1d496f8df01f0a8f38596
4b116b08c15357e727e10e7fb28db5e727e45e6f,4e9ec92a90c5d571d2f1d496f8df01f0a8f38596
78ca044cfbc7e528001dd9f3bcee088b5096623b,4e9ec92a90c5d571d2f1d496f8df01f0a8f38596
3a392a9fc621ca293832518670bca4c38fa20a22,4e9ec92a90c5d571d2f1d496f8df01f0a8f38596
3846c4c5bcf4425e5f05ad9e66860993e386d5b2,4e9ec92a90c5d571d2f1d496f8df01f0a8f38596
dc16893cb5eaa66bcf2f2fcec5252a69ac833877,4e9ec92a90c5d571d2f1d496f8df01f0a8f38596
7dd9a74347d2e961c845f24722c89b3c62f64427,4e9ec92a90c5d571d2f1d496f8df01f0a8f38596
0b1bdae8c5dbb326b12f6f689951f28d70bce6e3,4e9ec92a90c5d571d2f1d496f8df01f0a8f38596
732c8205d81be7a1d6b8b1032ac8a146d09fd57e,4e9ec92a90c5d571d2f1d496f8df01f0a8f38596
46dba1958dc9ea9ffdbebcea9bf16c4345dce2ec,4e9ec92a90c5d571d2f1d496f8df01f0a8f38596
f5a98f76aafdc506e78eee5495750deee30debdf,4e9ec92a90c5d571d2f1d496f8df01f0a8f38596
f1c8ba27777af9f407752f2449395b80868e77a9,4e9ec92a90c5d571d2f1d496f8df01f0a8f38596
7b1859afe2d43f884f17e8251fc0b2f097b91da4,4e9ec92a90c5d571d2f1d496f8df01f0a8f38596
f20b72c60988b19bed32513e29b6f2814bc93521,4e9ec92a90c5d571d2f1d496f8df01f0a8f38596
dc0ff26f7549de14c359ec2cc6aa6e18506d2da3,4e9ec92a90c5d571d2f1d496f8df01f0a8f38596
1e25f6c8405361bfcb39ebd7968dcdc85fced7ed,4e9ec92a90c5d571d2f1d496f8df01f0a8f38596
03154abea3b10afd0aa89d2057f746ef0fa4a1c1,4e9ec92a90c5d571d2f1d496f8df01f0a8f38596
76bbe950770f811211a48480d0f4ac72cc37f84c,4e9ec92a90c5d571d2f1d496f8df01f0a8f38596
711d41ebb74cdc7a02dcda9da9c53d9d23a13772,4e9ec92a90c5d571d2f1d496f8df01f0a8f38596
29e7ccf112ba0dc938ecf3c6c7c78b05ffb48bcc,4e9ec92a90c5d571d2f1d496f8df01f0a8f38596
741254bd5d927b1a752b632ca31fefee8db61069,4e9ec92a90c5d571d2f1d496f8df01f0a8f38596
9252e57eb641f521cb76209832faac82ac89d77b,4e9ec92a90c5d571d2f1d496f8df01f0a8f38596
6c2bf587bbfaa9423e879594564c3406a255c92f,4e9ec92a90c5d571d2f1d496f8df01f0a8f38596
82934945ea60f8658fa76a99297c5f78b42bba5d,4e9ec92a90c5d571d2f1d496f8df01f0a8f38596
fd41f2a33af6b044d0a3cbc3c9b4f7285a28d23f,4e9ec92a90c5d571d2f1d496f8df01f0a8f38596
b5e5fc3cd20ee5ed47b70e34cd643ed1dd2d0361,4e9ec92a90c5d571d2f1d496f8df01f0a8f38596
4e55a94e90ce239324ff72ee3f094f1387433289,4e9ec92a90c5d571d2f1d496f8df01f0a8f38596
93350e1f32ccfe9f97d382411b3f38ac26c65847,4e9ec92a90c5d571d2f1d496f8df01f0a8f38596
58ddbb30a72bbf1340c6bc08043d6450053fc54a,4e9ec92a90c5d571d2f1d496f8df01f0a8f38596
c5053dbddf2c59df2b0d341dd7819f63eb48e640,4e9ec92a90c5d571d2f1d496f8df01f0a8f38596
94bb81e53dbae022bdf0018ca24355024e492b74,4e9ec92a90c5d571d2f1d496f8df01f0a8f38596
4b1d6b7b25b24f47ca96f96e0d4e912ff7d1b715,4e9ec92a90c5d571d2f1d496f8df01f0a8f38596
c25f3a58544c5972add228239e29fd26870b99bd,4e9ec92a90c5d571d2f1d496f8df01f0a8f38596
006d2697729d46f4733fd5c0c8b8de9a2f2e5465,4e9ec92a90c5d571d2f1d496f8df01f0a8f38596
fdd0c08a4a439cfdd291420de8472046741f7b80,4e9ec92a90c5d571d2f1d496f8df01f0a8f38596
bfacb74fc7a825fc42280cdf7bef826d2f329228,4e9ec92a90c5d571d2f1d496f8df01f0a8f38596
8c3cb21ca5d9f9bbdc084726bbbd4a5f95d41cc9,4e9ec92a90c5d571d2f1d496f8df01f0a8f38596
7ce103951175e714ee9f54c924b513f7f99d25c8,4e9ec92a90c5d571d2f1d496f8df01f0a8f38596
64b5c6251f873bc0040a68cbc872a9b1a08b4bce,4e9ec92a90c5d571d2f1d496f8df01f0a8f38596
c2ded83d25bc87680cbe12086e69af535eceed1e,4e9ec92a90c5d571d2f1d496f8df01f0a8f38596
2397af17bc893e4417cb1b64467403ff674a7305,4e9ec92a90c5d571d2f1d496f8df01f0a8f38596
bd3ffad357a6ec97d550f41a1e1921663e30cf85,4e9ec92a90c5d571d2f1d496f8df01f0a8f38596
8519a8d6043656a9027ade05d7a628bc447063bc,4e9ec92a90c5d571d2f1d496f8df01f0a8f38596
74cdad1a9e1c17a3c63cc2ef1498a883807782f9,4e9ec92a90c5d571d2f1d496f8df01f0a8f38596
2762e9288e8c868e47f16074fafc2c0617ff6f4d,4e9ec92a90c5d571d2f1d496f8df01f0a8f38596
6eac49e824ca9342818a2b7a8940fa9e2875f339,4e9ec92a90c5d571d2f1d496f8df01f0a8f38596
011ad95a886207f58658b4a5ca552ce367e53acf,4e9ec92a90c5d571d2f1d496f8df01f0a8f38596
ae7275172660c7d85999fe4fcc3f635dcb9363bd,4e9ec92a90c5d571d2f1d496f8df01f0a8f38596
284c349e8305a0498abb8e688930eaa194de4cbb,4e9ec92a90c5d571d2f1d496f8df01f0a8f38596
193f2e56761535588062cd53a1b5d94d97f3ad0c,4e9ec92a90c5d571d2f1d496f8df01f0a8f38596
b6df6bd4c16d3758b5da015c15911cd971768e09,4e9ec92a90c5d571d2f1d496f8df01f0a8f38596
4ba14d4521c938ab7fcafe69ff107d31ec332468,4e9ec92a90c5d571d2f1d496f8df01f0a8f38596
75d01391198390164f9e1cfa3a5340db4f525ab4,4e9ec92a90c5d571d2f1d496f8df01f0a8f38596
0c176fc9a4f45ec96b18394e13cb0fee426c67e9,4e9ec92a90c5d571d2f1d496f8df01f0a8f38596
14559c9550759787c2d11e2bef1f8ca27342dba2,4e9ec92a90c5d571d2f1d496f8df01f0a8f38596
70c40921de41cc9a6c16ac40bcf9a6b8a14d063a,4e9ec92a90c5d571d2f1d496f8df01f0a8f38596
c3138866a823d8698e1824b5131735614e91712e,4e9ec92a90c5d571d2f1d496f8df01f0a8f38596
ca7e446fc26ac41e360b5873243a537a2cb7b43f,4e9ec92a90c5d571d2f1d496f8df01f0a8f38596
1db30ff1dbe98998bb6de11fd56875cfec90b678,4e9ec92a90c5d571d2f1d496f8df01f0a8f38596
a486880eb549111660082b39b36ffb7ff85a4b21,4e9ec92a90c5d571d2f1d496f8df01f0a8f38596
2969f0bde12c937b01e1336b9f6dfda03cf23bf7,4e9ec92a90c5d571d2f1d496f8df01f0a8f38596
555fc354f76e7942705291aff2688b48281f25fb,4e9ec92a90c5d571d2f1d496f8df01f0a8f38596
ee738b086c7c53640a3a4baa9f1d89c8da24639e,4e9ec92a90c5d571d2f1d496f8df01f0a8f38596
ada12ea60a28da596b976a006c3654fc82971312,4e9ec92a90c5d571d2f1d496f8df01f0a8f38596
9a6b3ef506402ac4b036617e561822360f378133,4e9ec92a90c5d571d2f1d496f8df01f0a8f38596
98b4d7d61a77eec4e81566767a2a3a60e401c084,4e9ec92a90c5d571d2f1d496f8df01f0a8f38596
021039d4452008d8ed1c5bc1d8270f9072ea9945,4e9ec92a90c5d571d2f1d496f8df01f0a8f38596
496756a8212bc9fcfa4788093b51c9156dc033b3,4e9ec92a90c5d571d2f1d496f8df01f0a8f38596
6da8a1402dd0983f4566946a14a6181650825aca,4e9ec92a90c5d571d2f1d496f8df01f0a8f38596
c737a43ee20ca0d865c55eca1d49850b1703f66e,4e9ec92a90c5d571d2f1d496f8df01f0a8f38596
7bb2843b37eb4c9b24fb34749c3eea61cc3bef5c,4e9ec92a90c5d571d2f1d496f8df01f0a8f38596
e4d95cd4c99f977c56a8a5aaa51dad7631404a3f,4e9ec92a90c5d571d2f1d496f8df01f0a8f38596
1741549147b34ffe28684e3e3e0ebd3251903f79,4e9ec92a90c5d571d2f1d496f8df01f0a8f38596
9a496958fb7695c08cf87c336aef85861867122a,4e9ec92a90c5d571d2f1d496f8df01f0a8f38596
34b626c80bd5b8370bbb91bf21b44e8589826fed,4e9ec92a90c5d571d2f1d496f8df01f0a8f38596
a699a6105e1169787e9849a427a231ca6b810d2c,4e9ec92a90c5d571d2f1d496f8df01f0a8f38596
8657bf6e5364dad6224edbfc88de9f0d81984beb,4e9ec92a90c5d571d2f1d496f8df01f0a8f38596
d37f72e94fcb7278f5ff092108a7217b25b72bd9,4e9ec92a90c5d571d2f1d496f8df01f0a8f38596
fa3c813e5941110cc8f8d8e051b3bd99fd6d41a1,4e9ec92a90c5d571d2f1d496f8df01f0a8f38596
4649680e5f1d5d90289c7060805c74c2e11f37d3,4e9ec92a90c5d571d2f1d496f8df01f0a8f38596
24401fcef78fbfcac4969c2bce663016b9e41f67,4e9ec92a90c5d571d2f1d496f8df01f0a8f38596
61262f9e878104e372c46575fdf681be1c4278f1,4e9ec92a90c5d571d2f1d496f8df01f0a8f38596
2236c0a3ad012ddbe0aab7a55f8d1058b721dc7d,4e9ec92a90c5d571d2f1d496f8df01f0a8f38596
af95b59df63f4981dd8e090ddc4d84eb63a6e797,4e9ec92a90c5d571d2f1d496f8df01f0a8f38596
62c0a0422171fb05074520ab7cfe9fc66b8f9c89,4e9ec92a90c5d571d2f1d496f8df01f0a8f38596
cdd4a833060e63ff1ebda7ca3b1ea7aab94d657d,4e9ec92a90c5d571d2f1d496f8df01f0a8f38596
69dd1d888571fcbc848827b41363e86af9fbfef9,4e9ec92a90c5d571d2f1d496f8df01f0a8f38596
45328dedb51a80c72fe3310b76adc2520769efde,4e9ec92a90c5d571d2f1d496f8df01f0a8f38596
2063adb7cb5ec601ae0ef763ff73d7098a34544b,4e9ec92a90c5d571d2f1d496f8df01f0a8f38596
6138e93297aeae11d48d625f4868187fe8e2dc7c,4e9ec92a90c5d571d2f1d496f8df01f0a8f38596
8064a5c26ff7a0ee1666a2339513f8f1d149a512,4e9ec92a90c5d571d2f1d496f8df01f0a8f38596
ca32851f8829d25306ebd23b393fe98dcbbdbb13,4e9ec92a90c5d571d2f1d496f8df01f0a8f38596
a2ddaead55d86ffc23f6289a7283d9a994f681f0,4e9ec92a90c5d571d2f1d496f8df01f0a8f38596
45b9d3e5c4b2dafedfa9a7acfced1dccb77aee5d,4e9ec92a90c5d571d2f1d496f8df01f0a8f38596
9382646407a5b5bab11d6ef30762311d081f9dae,4e9ec92a90c5d571d2f1d496f8df01f0a8f38596
5599c2b5908c9ad5ef1c1556ced7bc27df02d799,4e9ec92a90c5d571d2f1d496f8df01f0a8f38596
bfb6c75a8eb2d6019ccc2f5511372e89c071b58a,4e9ec92a90c5d571d2f1d496f8df01f0a8f38596
93657068fb0a8df432bf351449039bdc7675b456,4e9ec92a90c5d571d2f1d496f8df01f0a8f38596
04f3f9bbf8b26a41f4c3f32f8cf16d9fb91416d6,4e9ec92a90c5d571d2f1d496f8df01f0a8f38596
1fd5d23975de9673acf45c289cab928216597ed5,4e9ec92a90c5d571d2f1d496f8df01f0a8f38596
ddc48db79fdd4f8a7121d1849b84e6a6312e7a16,4e9ec92a90c5d571d2f1d496f8df01f0a8f38596
99da223c7dd457974d89b6a76842d10da747616d,4e9ec92a90c5d571d2f1d496f8df01f0a8f38596
4ef5665c7ab4bb8a42a5e65ef5eb6ae785aa7fd5,4e9ec92a90c5d571d2f1d496f8df01f0a8f38596
718d6e17379b60e019ac5cd8a7b3ed5011bde533,4e9ec92a90c5d571d2f1d496f8df01f0a8f38596
a0f7efe9e828f039f1ffa2823dc4e3fddbb6e35a,4e9ec92a90c5d571d2f1d496f8df01f0a8f38596
09f521b26b967969a93801ed3988859994d52404,4e9ec92a90c5d571d2f1d496f8df01f0a8f38596
198f3561d62a7855e4b460ca779c26ad3d220185,4e9ec92a90c5d571d2f1d496f8df01f0a8f38596
ad7f7f5d15b3beaff04242380f525c9da75f367c,4e9ec92a90c5d571d2f1d496f8df01f0a8f38596
7619176d314a5811973b8de2b8ce80063402e7bd,4e9ec92a90c5d571d2f1d496f8df01f0a8f38596
babd12dc9232df00d583222df84bb197194b3340,4e9ec92a90c5d571d2f1d496f8df01f0a8f38596
d5fd789abd3940e6df494d3b44f8270de3768f76,4e9ec92a90c5d571d2f1d496f8df01f0a8f38596
4287a3b38e3b9d35044bf0723a32e367a62f3aa5,4e9ec92a90c5d571d2f1d496f8df01f0a8f38596
46aa98eee137ebc196f7f6dcdb3242b13918515b,4e9ec92a90c5d571d2f1d496f8df01f0a8f38596
14fa2b70d7f35234408670770ca3a0d832c20891,4e9ec92a90c5d571d2f1d496f8df01f0a8f38596
de809982fd90bcfd15ed20b10537235c4d77cd20,4e9ec92a90c5d571d2f1d496f8df01f0a8f38596
e43a6ee70de04c06b5c0d80fec189a2d828aefb6,4e9ec92a90c5d571d2f1d496f8df01f0a8f38596
7d1f1e2efb4a0f844fc3bcc7a0ed9ba357ef84c8,4e9ec92a90c5d571d2f1d496f8df01f0a8f38596
57e47e7b6a22669cf5f1d30f0334c106f9019068,4e9ec92a90c5d571d2f1d496f8df01f0a8f38596
864163eb7e17f7340f291b1fd9d8e8cd82886470,4e9ec92a90c5d571d2f1d496f8df01f0a8f38596
705a163873fb8d0cc13e0eba4d15d005d1212539,4e9ec92a90c5d571d2f1d496f8df01f0a8f38596
e7e922a0ed27ed15e6fa672dda95ce03c85aebe7,4e9ec92a90c5d571d2f1d496f8df01f0a8f38596
ebad928255d0738eb959c7d0bff4d19e0dcfd0d7,4e9ec92a90c5d571d2f1d496f8df01f0a8f38596
c394b0ff4916d8fdf33cf940297712f5d9343c1d,4e9ec92a90c5d571d2f1d496f8df01f0a8f38596
ebf804a866b7f1543693a14cbdfadc2ffbd6fcff,4e9ec92a90c5d571d2f1d496f8df01f0a8f38596
1db3f840ae200670a4e2eb7115275ae0fe67547f,4e9ec92a90c5d571d2f1d496f8df01f0a8f38596
73d32804ac3ac3179002432600622b5438d86528,4e9ec92a90c5d571d2f1d496f8df01f0a8f38596
73b70e6da352fc65984c7e1438082b776e143bf4,4e9ec92a90c5d571d2f1d496f8df01f0a8f38596
05cda89c81a91803873e91125a5f6c601af6c130,4e9ec92a90c5d571d2f1d496f8df01f0a8f38596
f437482e675d75f22e937d433e23b174740586d9,4e9ec92a90c5d571d2f1d496f8df01f0a8f38596
b96c32cb7c656272bfee5e69cde1770576cea1a6,4e9ec92a90c5d571d2f1d496f8df01f0a8f38596
f2c1ef03b0b499b9f7b41b7192e1e318d6482454,4e9ec92a90c5d571d2f1d496f8df01f0a8f38596
34f51a4ca61cbc9091b3d854e212eab382d7fc56,4e9ec92a90c5d571d2f1d496f8df01f0a8f38596
eac8f030daa55900ff206701b881a34081f93c6d,4e9ec92a90c5d571d2f1d496f8df01f0a8f38596
ac8165ba07fa89f8a601278ddc4da5ba5cbc0331,4e9ec92a90c5d571d2f1d496f8df01f0a8f38596
91514ab310c483290cfeebcb0e6c678a1555ea4c,4e9ec92a90c5d571d2f1d496f8df01f0a8f38596
c10b46ebd54491075e84a604bffca7f3861dc192,4e9ec92a90c5d571d2f1d496f8df01f0a8f38596
633fdb0907777175d53f666230fae86b2dcbcd1f,4e9ec92a90c5d571d2f1d496f8df01f0a8f38596
63e9bf24316598b158fa8fd4f897cb431da04154,4e9ec92a90c5d571d2f1d496f8df01f0a8f38596
02e614caeffb0e0082e7c863305d33e35920733b,4e9ec92a90c5d571d2f1d496f8df01f0a8f38596
6b178a06cb7079065cc1570a7b8fdb5f12baf663,4e9ec92a90c5d571d2f1d496f8df01f0a8f38596
ca0017cad5fda88164adf994c3592ea20b576b0c,4e9ec92a90c5d571d2f1d496f8df01f0a8f38596
a72d78fde19d0336757153954c3dbdf1cef5b02d,4e9ec92a90c5d571d2f1d496f8df01f0a8f38596
3c769d007d2580573623546edd7a19a67550e147,4e9ec92a90c5d571d2f1d496f8df01f0a8f38596
80a9c5aee71707a189a802cea1af4d224e68f7e8,4e9ec92a90c5d571d2f1d496f8df01f0a8f38596
1e60f913e78ac190be29d1e986a09fcb3b4eb00d,4e9ec92a90c5d571d2f1d496f8df01f0a8f38596
49de4eb9694645a586d47fd20b7dfbb67245802b,4e9ec92a90c5d571d2f1d496f8df01f0a8f38596
b175d0dbb1fc12ee3c599e80f55474d6d80900ea,4e9ec92a90c5d571d2f1d496f8df01f0a8f38596
d14cc237bc26e3d3d98afac5bc077aeafffdb8ae,4e9ec92a90c5d571d2f1d496f8df01f0a8f38596
b9c205d8c9e6d9fbb5a21467cd507ae9584821b8,4e9ec92a90c5d571d2f1d496f8df01f0a8f38596
90a947266b3a92c0f2ef9dec5555abdef5001024,4e9ec92a90c5d571d2f1d496f8df01f0a8f38596
f7eb7f3b311384a83ea16006f5d4bf62e18b4597,4e9ec92a90c5d571d2f1d496f8df01f0a8f38596
67fa16efdd4485bb60711bcafa524e7c0d89f569,4e9ec92a90c5d571d2f1d496f8df01f0a8f38596
c107d051243fb8920bbb7f7c6dfde7f348b3fec3,4e9ec92a90c5d571d2f1d496f8df01f0a8f38596
aa46a4561e031711b12bde507c92c9452e339dfe,4e9ec92a90c5d571d2f1d496f8df01f0a8f38596
6dc69663d7f48efa727e2ca9c38a5a1796f93ff8,4e9ec92a90c5d571d2f1d496f8df01f0a8f38596
554e89934f3305f6716d7ce44b8074f10e97dd88,4e9ec92a90c5d571d2f1d496f8df01f0a8f38596
76b3c66b6a9d4e59a5fdb83487e617a8bdae692d,4e9ec92a90c5d571d2f1d496f8df01f0a8f38596
69c11aaca116d1f3cf5de95606db2eff4eb22d0c,4e9ec92a90c5d571d2f1d496f8df01f0a8f38596
c61ee12ab06e4c2925c1433066123ce332778c1c,4e9ec92a90c5d571d2f1d496f8df01f0a8f38596
0a2b8eaa1be93d01c4409ba16997acb5fbe29f8d,4e9ec92a90c5d571d2f1d496f8df01f0a8f38596
a3e2ab570051cb686e0daff016350b66eac865f7,4e9ec92a90c5d571d2f1d496f8df01f0a8f38596
9d32619f2c894f0fa87dde001f9091ce69693199,4e9ec92a90c5d571d2f1d496f8df01f0a8f38596
f4189981040db874de527aad136dedb7c7ce0111,4e9ec92a90c5d571d2f1d496f8df01f0a8f38596
b4766225ee336797ef3055db7d2f5a055ba9d956,4e9ec92a90c5d571d2f1d496f8df01f0a8f38596
22a3ba51c17475ce8a0d604fd3aef2d72acaef5e,4e9ec92a90c5d571d2f1d496f8df01f0a8f38596
40e255a952f0d3b1271e8cbc8464acfa20e74a80,4e9ec92a90c5d571d2f1d496f8df01f0a8f38596
bee7063a921dc11f78d84d787e0d1f8d6211b35c,4e9ec92a90c5d571d2f1d496f8df01f0a8f38596
c61062afe8599e48980f16c6dc3f9b6142156caf,4e9ec92a90c5d571d2f1d496f8df01f0a8f38596
a160777f3ef1578722ce17907854b498ea1c8f2e,4e9ec92a90c5d571d2f1d496f8df01f0a8f38596
205b7121e11db6c5e09b52b6478f1d810287c740,4e9ec92a90c5d571d2f1d496f8df01f0a8f38596
21af05c1f117f370cef0e30737f5b33c444d0f1a,4e9ec92a90c5d571d2f1d496f8df01f0a8f38596
c8b66bb8f3deb52d464f93f27550860e7f5e6606,4e9ec92a90c5d571d2f1d496f8df01f0a8f38596
58aeda88ab5f3a9d03f8ad3f99045adbbcac8a70,4e9ec92a90c5d571d2f1d496f8df01f0a8f38596
936d7676142fb7de03b2de5acffd7a4bbe919754,4e9ec92a90c5d571d2f1d496f8df01f0a8f38596
a866ae3ae49713ad4a1e5af21ca3be294034e4ef,4e9ec92a90c5d571d2f1d496f8df01f0a8f38596
61d19fac13941ea4ea9ecd5a2b1d8236b46ce804,4e9ec92a90c5d571d2f1d496f8df01f0a8f38596
528e006875dc85b10418fd6dae9187091e430f9d,4e9ec92a90c5d571d2f1d496f8df01f0a8f38596
a2fbb48da680e146dbfb799c003adb224ff66717,4e9ec92a90c5d571d2f1d496f8df01f0a8f38596
ea99e43fd325d276f30ec440d5135b860f641e49,4e9ec92a90c5d571d2f1d496f8df01f0a8f38596
cdfa2d7bab48fad4e9a4fa0566db4f11f79043fc,4e9ec92a90c5d571d2f1d496f8df01f0a8f38596
6e0283bd04c70fd2a3daf85900624f89bc44fcd9,4e9ec92a90c5d571d2f1d496f8df01f0a8f38596
32a79685fec4fb14c1c474ad99418e7c397c3551,4e9ec92a90c5d571d2f1d496f8df01f0a8f38596
2574e1a6323a30ad30c58578483015618febd321,4e9ec92a90c5d571d2f1d496f8df01f0a8f38596
8d40895e2339271865856c388de66196b3cd9212,4e9ec92a90c5d571d2f1d496f8df01f0a8f38596
c876df7ecfafa4b5702f3af5b30f591e0788ab00,4e9ec92a90c5d571d2f1d496f8df01f0a8f38596
46ce3666b28065d57c6adce0132828847c97ebb3,4e9ec92a90c5d571d2f1d496f8df01f0a8f38596
7a6c61ad3b2b4368b0e51504c5fff1db27c19776,4e9ec92a90c5d571d2f1d496f8df01f0a8f38596
cc8540fee5acc0c38871fdbedfb95aad23db89dd,4e9ec92a90c5d571d2f1d496f8df01f0a8f38596
40797e211500282b8d64f0f310dcb7afcac0c55f,4e9ec92a90c5d571d2f1d496f8df01f0a8f38596
01b54c0bbf5fe7d925aa3a9b98a2d053546e44fb,4e9ec92a90c5d571d2f1d496f8df01f0a8f38596
b598a4091f3fe2963a6ee33332bfec441dfd2f09,4e9ec92a90c5d571d2f1d496f8df01f0a8f38596
b0b119a52a4ba78407a3d4d22e3b69784f24ee41,4e9ec92a90c5d571d2f1d496f8df01f0a8f38596
bd3e3eb7080b1910c7acff579927c13682009b65,4e9ec92a90c5d571d2f1d496f8df01f0a8f38596
0d94b7798f9de9a1c4c312f66036ed2fc00b5bad,4e9ec92a90c5d571d2f1d496f8df01f0a8f38596
b0866acd701911f11348a122a39fa7414b345714,4e9ec92a90c5d571d2f1d496f8df01f0a8f38596
fb5acdaa495b22242378a4c0fa77764d95e84f08,4e9ec92a90c5d571d2f1d496f8df01f0a8f38596
f18aff6a0c3ac469c287a36298037b06f98a6c0a,4e9ec92a90c5d571d2f1d496f8df01f0a8f38596
f701e37fc1c85e8508cdde391f35ebd8e6f54615,4e9ec92a90c5d571d2f1d496f8df01f0a8f38596
30bb3a12125dcfbe4641c273e71fd0143cb4cf1a,4e9ec92a90c5d571d2f1d496f8df01f0a8f38596
1109c57760f7828589231ddbc2bc8567b1ff6c5d,4e9ec92a90c5d571d2f1d496f8df01f0a8f38596
0e262c22716e0889a31e613a064d56b343027503,4e9ec92a90c5d571d2f1d496f8df01f0a8f38596
d2538d777291c8f2f4386c2c46aa17b0582a48b3,4e9ec92a90c5d571d2f1d496f8df01f0a8f38596
978998cb0f141bdd29f614401b94df5449480856,4e9ec92a90c5d571d2f1d496f8df01f0a8f38596
0f473bb80bd3ab16d97b8c8f5e98e506402c7eef,4e9ec92a90c5d571d2f1d496f8df01f0a8f38596
0cac446e6544a00ee56a49b9188a27b8efc9c9e7,4e9ec92a90c5d571d2f1d496f8df01f0a8f38596
c00a4ba9c3a1de0afaa2119586d2b5f0bbd9cd71,4e9ec92a90c5d571d2f1d496f8df01f0a8f38596
e41d50c94a681fc101afb3565ed8c0240b68d926,4e9ec92a90c5d571d2f1d496f8df01f0a8f38596
29d09905a6bb9eac409523e4fe35b0f132e62a85,4e9ec92a90c5d571d2f1d496f8df01f0a8f38596
553b5b6d359476c7ce35126bc10c56f67e22ebd0,4e9ec92a90c5d571d2f1d496f8df01f0a8f38596
3bc8178ff1d4026eb23ed5b5dd4d8d77ac2d4bf2,4e9ec92a90c5d571d2f1d496f8df01f0a8f38596
66c0267c16ce26a3b8801cc4ddadca73642601e4,4e9ec92a90c5d571d2f1d496f8df01f0a8f38596
64c5e1669bacd68926a740959017a29410d05769,4e9ec92a90c5d571d2f1d496f8df01f0a8f38596
2c2e010c796b409c2bda44605f0bab416bd976a2,4e9ec92a90c5d571d2f1d496f8df01f0a8f38596
352601c2c3f29eb4ab7d0b465b614d605063f563,4e9ec92a90c5d571d2f1d496f8df01f0a8f38596
0dac0a4b35139152daa8498f871a4e52472b1754,4e9ec92a90c5d571d2f1d496f8df01f0a8f38596
6589c98cec8ae42a395f429eed9ba8ac164754ba,4e9ec92a90c5d571d2f1d496f8df01f0a8f38596
6392d8103e3e48872408b0398be431793cc81f5b,4e9ec92a90c5d571d2f1d496f8df01f0a8f38596
4dcc5c08f73d16aee8807e5cd1805d1f9bf63c7b,4e9ec92a90c5d571d2f1d496f8df01f0a8f38596
0903e28820c9e0c0ac807347c6bfc486c9086880,4e9ec92a90c5d571d2f1d496f8df01f0a8f38596
00ab09e9c2101a16d30de809be44c995a1ff71ef,4e9ec92a90c5d571d2f1d496f8df01f0a8f38596
36149affe78855d12c046964a2758668072a401d,4e9ec92a90c5d571d2f1d496f8df01f0a8f38596
1d9853c9c6f1996fdf81a903d8224d8e4a22ca73,4e9ec92a90c5d571d2f1d496f8df01f0a8f38596
dc1fd698c6573573f6623cb0040ab370f0183ca4,4e9ec92a90c5d571d2f1d496f8df01f0a8f38596
bb59d8d88b0d3cb392ae6396e60ea3d737dddde0,4e9ec92a90c5d571d2f1d496f8df01f0a8f38596
7cfab8b10f3f20f9555c5a56c5c55c83f3e418fe,4e9ec92a90c5d571d2f1d496f8df01f0a8f38596
bc3b82e43b78127e131ec73e7bc3c731416325d9,4e9ec92a90c5d571d2f1d496f8df01f0a8f38596
11c6cf1857e4e9aaca71c212e30d994670470e60,4e9ec92a90c5d571d2f1d496f8df01f0a8f38596
e3a404c0b6cf24639fd567a326ec370b8e7705be,4e9ec92a90c5d571d2f1d496f8df01f0a8f38596
e4950ea0f65f4552ef2d9ad0dadb2877a0e805dc,4e9ec92a90c5d571d2f1d496f8df01f0a8f38596
e263d3331ec92651db0601a7ff6c8cb6b1726160,4e9ec92a90c5d571d2f1d496f8df01f0a8f38596
a5d2fcdf8267d8cc65be0fb272e3c996d3dfeba0,4e9ec92a90c5d571d2f1d496f8df01f0a8f38596
71c4154aa759108201bfb6364d6498d3aaecdb8b,4e9ec92a90c5d571d2f1d496f8df01f0a8f38596
b5137ff2e9485dd3aa1f9ee423f7b02eba273cf1,4e9ec92a90c5d571d2f1d496f8df01f0a8f38596
61c310bfffdfc9945c93bcda147ca38e40ba1500,4e9ec92a90c5d571d2f1d496f8df01f0a8f38596
2fb44820184e0caf9c9d595ab189cd677552cf92,4e9ec92a90c5d571d2f1d496f8df01f0a8f38596
bfaa01dbe871a8f812d7ce14f2d5319c46f824f1,4e9ec92a90c5d571d2f1d496f8df01f0a8f38596
db71ed08a87efd253294b027fe5a8ea094ef7bed,4e9ec92a90c5d571d2f1d496f8df01f0a8f38596
8f43064002007326617bb9efe15e0e418eabb982,4e9ec92a90c5d571d2f1d496f8df01f0a8f38596
defa43a0de3bcb452ead10a1f604cdf2543d13ec,4e9ec92a90c5d571d2f1d496f8df01f0a8f38596
ccdd52efc2433df9113bfee38877d9c24eefeafe,4e9ec92a90c5d571d2f1d496f8df01f0a8f38596
23bce8ad6019676aa5558fc83698933756a4564e,4e9ec92a90c5d571d2f1d496f8df01f0a8f38596
4d245cd59a708556f7223878d6a1f4cc1d9c31b5,4e9ec92a90c5d571d2f1d496f8df01f0a8f38596
b683a99ddc79a9be315da68b78a1e22bf3abf0e9,4e9ec92a90c5d571d2f1d496f8df01f0a8f38596
c356a6b4b2cd7933fb92d5b6462efdab01305e2b,4e9ec92a90c5d571d2f1d496f8df01f0a8f38596
584af0d9f1297689452e54b7a56055dfbe511fac,4e9ec92a90c5d571d2f1d496f8df01f0a8f38596
f1cf4a96e38f4f90c453992330331ac08bbdfc45,4e9ec92a90c5d571d2f1d496f8df01f0a8f38596
c6876cc0ccfc0b1cd479ab1af726d99d758692bf,4e9ec92a90c5d571d2f1d496f8df01f0a8f38596
8c3294d60e712c53a5cd82aafed6e732d8fb7292,4e9ec92a90c5d571d2f1d496f8df01f0a8f38596
12c0dcdfbea357e0f68a2ca5200558017a55a3af,4e9ec92a90c5d571d2f1d496f8df01f0a8f38596
71ab94c73b7e4372972dd53b3bc8a87d1bb66f91,4e9ec92a90c5d571d2f1d496f8df01f0a8f38596
ee537deaf434d24ad7345ac82263f3c40eb41ce4,4e9ec92a90c5d571d2f1d496f8df01f0a8f38596
c7222821cb1f03f223d561126be66dcbc94ebe03,4e9ec92a90c5d571d2f1d496f8df01f0a8f38596
ac28ceb2bae915dc0f48f7b7f520c506cb628b80,4e9ec92a90c5d571d2f1d496f8df01f0a8f38596
1cfd6035efce56d280f22f224c200d1e73646176,4e9ec92a90c5d571d2f1d496f8df01f0a8f38596
06ee77632cef565b0c9dfbe63ff56543253a58f8,4e9ec92a90c5d571d2f1d496f8df01f0a8f38596
3707f1d6e1929f69d94afbff5d87720637fbf199,4e9ec92a90c5d571d2f1d496f8df01f0a8f38596
752fdbdbdfdf289d921df3a3b648e3fd6083e7cb,4e9ec92a90c5d571d2f1d496f8df01f0a8f38596
f9b4d3ab9340e611145435f1bb2b7287a085e41b,4e9ec92a90c5d571d2f1d496f8df01f0a8f38596
27f18f32f1670bee8778e5faeebcc9a9ce8588d5,4e9ec92a90c5d571d2f1d496f8df01f0a8f38596
c3d3118dfa24403439c5df1030976e633725121d,4e9ec92a90c5d571d2f1d496f8df01f0a8f38596
bb88af34fc428d4d5c0d8c2cd9c7d54c49896f26,4e9ec92a90c5d571d2f1d496f8df01f0a8f38596
ec14a59937dbf98ed77f6879535358e98ea86378,4e9ec92a90c5d571d2f1d496f8df01f0a8f38596
0d47139517142ce85ce0a1e084093fdc7d2d26ca,4e9ec92a90c5d571d2f1d496f8df01f0a8f38596
0060be972a5601dd5f97a8abfa07e2b6b560a7f3,4e9ec92a90c5d571d2f1d496f8df01f0a8f38596
b28430eb95294ee8e3d8079b75b5c2232e0830d0,4e9ec92a90c5d571d2f1d496f8df01f0a8f38596
4d36578bb248a526563b1c36511152f1c2798d43,4e9ec92a90c5d571d2f1d496f8df01f0a8f38596
74d34794be63125a054a689f2def461c55e77c9d,4e9ec92a90c5d571d2f1d496f8df01f0a8f38596
9eb12bd86dbcf641062b0b272b8ebf9173b23e6c,4e9ec92a90c5d571d2f1d496f8df01f0a8f38596
9fa2dff722fef807e2cdfae18f2a78787e692bb7,4e9ec92a90c5d571d2f1d496f8df01f0a8f38596
e9dc0d46c18c1df01d6a0f27530800c3118632fe,4e9ec92a90c5d571d2f1d496f8df01f0a8f38596
52f33e35d8debfd088a44d229f5d31892c270a27,4e9ec92a90c5d571d2f1d496f8df01f0a8f38596
b78c5043b89803c6740c19ad94464825ad683c5f,4e9ec92a90c5d571d2f1d496f8df01f0a8f38596
6990a056e98b7804ceabfc5acae980fefbce5abf,4e9ec92a90c5d571d2f1d496f8df01f0a8f38596
015c99350bcca6c58fe965dbf58159b46bf9bb31,4e9ec92a90c5d571d2f1d496f8df01f0a8f38596
d1f61079fa1bf0fc02859b8cc78ec0881e2023c5,4e9ec92a90c5d571d2f1d496f8df01f0a8f38596
06c1d2f1f6ee48e547ee19108e7ba7b5c1baa239,4e9ec92a90c5d571d2f1d496f8df01f0a8f38596
a34f7359a5e3a4dba5e26ea0fdfd09cdcf495377,4e9ec92a90c5d571d2f1d496f8df01f0a8f38596
2e532882e8373b9ff48678a0e7a48f3708b33ca8,4e9ec92a90c5d571d2f1d496f8df01f0a8f38596
c7930c84233b92da4b15ad68e1431498225718e4,4e9ec92a90c5d571d2f1d496f8df01f0a8f38596
35aea0729fc400ababdc483fc3140a9ec091f427,4e9ec92a90c5d571d2f1d496f8df01f0a8f38596
f2ce1a724feb226d07d90a4fdbab92aa8d94a645,4e9ec92a90c5d571d2f1d496f8df01f0a8f38596
b00e416e3e8b235969373a7c0755daacb543890b,4e9ec92a90c5d571d2f1d496f8df01f0a8f38596
b1e5d2b9f20330f93f32eab8585ed7192d57fae6,4e9ec92a90c5d571d2f1d496f8df01f0a8f38596
f74a124d571f4239736135082c3f41254cf8c379,4e9ec92a90c5d571d2f1d496f8df01f0a8f38596
463bf807e268cc08d982d2bb4b7a925df2a19a8a,4e9ec92a90c5d571d2f1d496f8df01f0a8f38596
b1a65c5a0778038d25fdebcb4aa5ca947ee25ec3,4e9ec92a90c5d571d2f1d496f8df01f0a8f38596
3fac2c5e5c086f8a0223ff98d9264357ec99b7f3,4e9ec92a90c5d571d2f1d496f8df01f0a8f38596
4b804d00210a6895b3492464e58d14e4d8fc6dbf,4e9ec92a90c5d571d2f1d496f8df01f0a8f38596
df0cf57eed570aec55c9ecaf1151fd0ee81046e7,4e9ec92a90c5d571d2f1d496f8df01f0a8f38596
b840c30110a3ec084f045961db04d8b234b8484a,4e9ec92a90c5d571d2f1d496f8df01f0a8f38596
be3887a6af5f54ae3af745615db4c0ade22a2a17,4e9ec92a90c5d571d2f1d496f8df01f0a8f38596
8ca3b8e28dc7e24ff412dbe2d1ac4cbad3db1a23,4e9ec92a90c5d571d2f1d496f8df01f0a8f38596
9744d29f18517dc0ec839bd6f3550d9eec84e26d,4e9ec92a90c5d571d2f1d496f8df01f0a8f38596
e92c4194d8883c9d5cda589e2fbba018ea012faf,4e9ec92a90c5d571d2f1d496f8df01f0a8f38596
3078417531edc07d39abb5877c939095b8c88354,4e9ec92a90c5d571d2f1d496f8df01f0a8f38596
ee0a15bc8d6d337c1aef6f54f3193a9cec061a52,4e9ec92a90c5d571d2f1d496f8df01f0a8f38596
5ab06842bfc59c8cb52ede266b03231253fa6486,4e9ec92a90c5d571d2f1d496f8df01f0a8f38596
d91f6e235838d68602f847fc318a6fb6d90fda45,4e9ec92a90c5d571d2f1d496f8df01f0a8f38596
b22f80410a8780c69d99578a5ab6a4f861080af3,4e9ec92a90c5d571d2f1d496f8df01f0a8f38596
47f5f8ec0dc629f10eef69f07944b17adf4bc639,4e9ec92a90c5d571d2f1d496f8df01f0a8f38596
0ee61689b4be25c5b4466074a9a308276329a1a2,4e9ec92a90c5d571d2f1d496f8df01f0a8f38596
24994f45eadbd58eeb94ea5e0423dff0d174b4de,4e9ec92a90c5d571d2f1d496f8df01f0a8f38596
4ae7ecbe98cc3a0327d472982c57c243a6e1a7f9,4e9ec92a90c5d571d2f1d496f8df01f0a8f38596
bd5ca448eb0bf0e8f4792f12ed9a5713e1dbf272,4e9ec92a90c5d571d2f1d496f8df01f0a8f38596
f62c532fd27c8f628772592faf406086a8e61f04,4e9ec92a90c5d571d2f1d496f8df01f0a8f38596
59590365657a2ed100ad1807e488191e481f9a06,4e9ec92a90c5d571d2f1d496f8df01f0a8f38596
baa23064c70c1cf5cc7342cf2406afbf9385e8fd,4e9ec92a90c5d571d2f1d496f8df01f0a8f38596
15678d8fc3ee0ad5077ce15c679c1d42d95a9976,4e9ec92a90c5d571d2f1d496f8df01f0a8f38596
3c88a6177a6ca99cf8e8c006869954fefc73c4b0,4e9ec92a90c5d571d2f1d496f8df01f0a8f38596
db920b7cc5c4e53b45e725eb9dea7b722bd12851,4e9ec92a90c5d571d2f1d496f8df01f0a8f38596
948f3828362da6407efa6715e7dcbefa5b7846eb,4e9ec92a90c5d571d2f1d496f8df01f0a8f38596
8fc9b38be9f5d68cff9327b624e250fb2dca58eb,4e9ec92a90c5d571d2f1d496f8df01f0a8f38596
fd36c2bde977adaa2e8fa0e72a07f17250c2b3a7,4e9ec92a90c5d571d2f1d496f8df01f0a8f38596
570e456394393c2ac58d91f9f20fb6e59934e531,4e9ec92a90c5d571d2f1d496f8df01f0a8f38596
68a2d327b8def417ba1c8420918c1da0894c9b17,4e9ec92a90c5d571d2f1d496f8df01f0a8f38596
22bd4719742631877bd84f45cad30b586ca9867f,4e9ec92a90c5d571d2f1d496f8df01f0a8f38596
972618a3d4da38aac1770ca9ae74e03b18e33acc,4e9ec92a90c5d571d2f1d496f8df01f0a8f38596
9742297cb188f3497e043d7127fa1388ea0a5a3b,4e9ec92a90c5d571d2f1d496f8df01f0a8f38596
246fdbb5d91da1597b2c7acb6477561d1183db2b,4e9ec92a90c5d571d2f1d496f8df01f0a8f38596
48150761954a82930166d297e0a605954290958c,4e9ec92a90c5d571d2f1d496f8df01f0a8f38596
7a623c489ca501eea3e8271b48cc2d306d5b5aa4,4e9ec92a90c5d571d2f1d496f8df01f0a8f38596
c63bcc91b3ca59775ca4021d563495b0223ab013,4e9ec92a90c5d571d2f1d496f8df01f0a8f38596
1415635e0b89482f0138e66df81c1ba11a36ff78,4e9ec92a90c5d571d2f1d496f8df01f0a8f38596
eb7188b29b1af35495248c34afa9d393ae9b535f,4e9ec92a90c5d571d2f1d496f8df01f0a8f38596
9750f8439da718b2070f3d13e6d1745e368d5a09,4e9ec92a90c5d571d2f1d496f8df01f0a8f38596
5b5dfa0bafbccd9901391cf92340ee4bd64c40e9,4e9ec92a90c5d571d2f1d496f8df01f0a8f38596
5c193b32d62b32fca6954966af8f032e2be7b29a,4e9ec92a90c5d571d2f1d496f8df01f0a8f38596
8d172e37c9ef5b7d1cbb27ee42eb52a98affb7a4,4e9ec92a90c5d571d2f1d496f8df01f0a8f38596
d76b637aa7a17622c13c68c02b3d4461683f2bd6,4e9ec92a90c5d571d2f1d496f8df01f0a8f38596
6c72945462220638600ebbdaa12673fdaf22d5eb,4e9ec92a90c5d571d2f1d496f8df01f0a8f38596
be0d5f0f734489acd002a9fad88471caa6ce063d,4e9ec92a90c5d571d2f1d496f8df01f0a8f38596
6f158baa74ae69e01bb598f5a49849b5c8aa5439,4e9ec92a90c5d571d2f1d496f8df01f0a8f38596
d54e03d300359ed31fe2b8bccf9380c4cdbfcd45,4e9ec92a90c5d571d2f1d496f8df01f0a8f38596
c61e5fa60cfbfebbf30e034bd1a3d92e69b83dc4,4e9ec92a90c5d571d2f1d496f8df01f0a8f38596
a0b571adde08e30bf94c06e7762bfaed6627b170,4e9ec92a90c5d571d2f1d496f8df01f0a8f38596
2f30cc3cfabf7d78682e1217bead4008637dcaab,4e9ec92a90c5d571d2f1d496f8df01f0a8f38596
6c771c93de1d3648dd0e59c87f4bd12465471f50,4e9ec92a90c5d571d2f1d496f8df01f0a8f38596
29f482a6d780d7567f8759d591be9c4bd26b6256,4e9ec92a90c5d571d2f1d496f8df01f0a8f38596
558fd654cf75444d49d3d083c45e81d275a46f2a,4e9ec92a90c5d571d2f1d496f8df01f0a8f38596
65788b784596730c68e08d2dc7633df463f88af7,4e9ec92a90c5d571d2f1d496f8df01f0a8f38596
08f7e787e0a6bda600cdff4ad918b64bc3b3cb9f,4e9ec92a90c5d571d2f1d496f8df01f0a8f38596
e82354cae47ad80eb3fab3c0da5e099943244817,4e9ec92a90c5d571d2f1d496f8df01f0a8f38596
eec058e12f0debf9a2a14e33de6eaa94fc871fcf,4e9ec92a90c5d571d2f1d496f8df01f0a8f38596
934f01b80bac9dac2572993e4298cb8fa43857c2,4e9ec92a90c5d571d2f1d496f8df01f0a8f38596
57a08e412dfb31d427a7aedbc28abd8a3091ea25,4e9ec92a90c5d571d2f1d496f8df01f0a8f38596
b07524b5d9ba8e11182b13f7697435946de4bdde,4e9ec92a90c5d571d2f1d496f8df01f0a8f38596
02ff983b92a3aa26dba4af81424406c4b5638934,4e9ec92a90c5d571d2f1d496f8df01f0a8f38596
33ca8131783e004c99d20dfa868e26126234a16f,4e9ec92a90c5d571d2f1d496f8df01f0a8f38596
ba81ea84d2b4babeca8a6b047d631599db3c8d12,4e9ec92a90c5d571d2f1d496f8df01f0a8f38596
827a082f3c7557e64417d4b897646df4eb1d6199,4e9ec92a90c5d571d2f1d496f8df01f0a8f38596
38b11d84f3e86790bf5266fc0939253ad3f9a6a4,4e9ec92a90c5d571d2f1d496f8df01f0a8f38596
e1307e99c037b27eadeabd2cefcad67b5b1eda46,4e9ec92a90c5d571d2f1d496f8df01f0a8f38596
5fcb95d18d31537b06fd85c647c4e3234d7bb340,4e9ec92a90c5d571d2f1d496f8df01f0a8f38596
d6cf0e451abf3a74a211928eb1ab6749af7a0970,4e9ec92a90c5d571d2f1d496f8df01f0a8f38596
0f0a39e9c3f744a068734272ab6cdccd286cdfb3,4e9ec92a90c5d571d2f1d496f8df01f0a8f38596
d10f48a7399355a21fc3a063e38d3321bb934a12,4e9ec92a90c5d571d2f1d496f8df01f0a8f38596
2dc9a3c98fbab0b6367dae9ceef3d5bf98cb1ae4,4e9ec92a90c5d571d2f1d496f8df01f0a8f38596
3dce773a20a482f3f79dd3a5dda22ac4b209e97d,4e9ec92a90c5d571d2f1d496f8df01f0a8f38596
9298e8c659b12f0f794ca8713f4f2270aefade65,4e9ec92a90c5d571d2f1d496f8df01f0a8f38596
0a65b587662394849c69819a79e627490554ca07,4e9ec92a90c5d571d2f1d496f8df01f0a8f38596
821ae7fa9727fba5837aba691126f5e265cdc07d,4e9ec92a90c5d571d2f1d496f8df01f0a8f38596
50cf2084135e51dd3f3d97362fa8da322d4aa889,4e9ec92a90c5d571d2f1d496f8df01f0a8f38596
be8b4b11928bc4100b9568b11e1cf0b1c0f60aa3,4e9ec92a90c5d571d2f1d496f8df01f0a8f38596
cd03973cfad24ae64a723acc2219964805f84172,4e9ec92a90c5d571d2f1d496f8df01f0a8f38596
b0f7c38b7e72b2e4d244101e3ef901bc4be53b2e,4e9ec92a90c5d571d2f1d496f8df01f0a8f38596
4d45a049a89036079e29695b66a9b4e31b132ff0,4e9ec92a90c5d571d2f1d496f8df01f0a8f38596
48f29a8e49fccc715ade297bf9237cc8defd10c2,4e9ec92a90c5d571d2f1d496f8df01f0a8f38596
ddc9c55e6b3ddc4f8b40b653c8a4d948ea6dc39c,4e9ec92a90c5d571d2f1d496f8df01f0a8f38596
a1d5ee1e0d7bf65b2dbb889669b5812e2ae4bec7,4e9ec92a90c5d571d2f1d496f8df01f0a8f38596
b80fe39216cb8c0a17ad10157d01e2eec9438afe,4e9ec92a90c5d571d2f1d496f8df01f0a8f38596
603c43f4a75e3fa0e612fb0ec833c92871ac3374,4e9ec92a90c5d571d2f1d496f8df01f0a8f38596
59ca2423b3dba89efd1caabc5f1a0829d31c4a49,4e9ec92a90c5d571d2f1d496f8df01f0a8f38596
b528c8b70e36e7a0c6356ade98cba18ba66d0ab4,4e9ec92a90c5d571d2f1d496f8df01f0a8f38596
07f6bbb35941ee21f135a84715fad6bf431f80f5,4e9ec92a90c5d571d2f1d496f8df01f0a8f38596
b9766c4524f296e6ba2771e59d1f9077fe91bb75,4e9ec92a90c5d571d2f1d496f8df01f0a8f38596
cbba28bdf160e237b7f3586d42980ed11996ea64,4e9ec92a90c5d571d2f1d496f8df01f0a8f38596
74a1dd26cd151055c46a15e5d41a091c3188a026,4e9ec92a90c5d571d2f1d496f8df01f0a8f38596
3a5b5d46d96154a31caea42b3ec153906f2e41d0,4e9ec92a90c5d571d2f1d496f8df01f0a8f38596
7983e2c1e51b9986b76deaec19c8a40a333f4119,4e9ec92a90c5d571d2f1d496f8df01f0a8f38596
1d2b01d8f995aa3709aa1084d03e60d046ae8982,4e9ec92a90c5d571d2f1d496f8df01f0a8f38596
eb2f8eb0dacd02d209f1ce5ef21782822bfb8283,4e9ec92a90c5d571d2f1d496f8df01f0a8f38596
bd5a45c017955d7ecc9865d014d9ac7eeba7a21c,4e9ec92a90c5d571d2f1d496f8df01f0a8f38596
e6ad69b6f3b9c861c019524818574c64d3da2e65,4e9ec92a90c5d571d2f1d496f8df01f0a8f38596
88037f8f564cae19d87fff366e3cd86cab9d7759,4e9ec92a90c5d571d2f1d496f8df01f0a8f38596
6ac7bbbcd4808ca882a0a2acce6718131ec3eee0,4e9ec92a90c5d571d2f1d496f8df01f0a8f38596
45de9c3f80572bdf87c6d813cfaaab3ef548606d,4e9ec92a90c5d571d2f1d496f8df01f0a8f38596
33e6e1cd9bcb9f29b02da63ffc52b9489188aa51,4e9ec92a90c5d571d2f1d496f8df01f0a8f38596
b0321298edcdd987a71a039e42ba63ff398584a4,4e9ec92a90c5d571d2f1d496f8df01f0a8f38596
8e4d9188a56458a815527c0626409175e5160b17,4e9ec92a90c5d571d2f1d496f8df01f0a8f38596
cbd8dd267aee13cc8342c3121dc0ab1ebe86e47a,4e9ec92a90c5d571d2f1d496f8df01f0a8f38596
f2a3fea99b90da9fed8f03a88c5b202804dbc891,4e9ec92a90c5d571d2f1d496f8df01f0a8f38596
22ca52e2c26d547f67544a639f37d402ba32be85,4e9ec92a90c5d571d2f1d496f8df01f0a8f38596
fe9561e86f8e6b9f3d6eb98be536541f03c0e0b6,4e9ec92a90c5d571d2f1d496f8df01f0a8f38596
0d138fdbd44acfbc4121a66e5742de2275c8e29d,4e9ec92a90c5d571d2f1d496f8df01f0a8f38596
9c54eac23f6023ecf3d58da01352815d86b77d8f,4e9ec92a90c5d571d2f1d496f8df01f0a8f38596
1897744145da560f4db7bfb8a87f943be12edea3,4e9ec92a90c5d571d2f1d496f8df01f0a8f38596
4b1c98f22fb610ce12b31acb50181a4ff76ceaf9,4e9ec92a90c5d571d2f1d496f8df01f0a8f38596
2caa1437e7a3f450b1951156e749d05cfc05a074,4e9ec92a90c5d571d2f1d496f8df01f0a8f38596
d59e41333a226935c095b04f84247d580f44500d,4e9ec92a90c5d571d2f1d496f8df01f0a8f38596
ee6e64582e32205f3b037ec0c7f0bbd8193fc166,4e9ec92a90c5d571d2f1d496f8df01f0a8f38596
367555502bf3cd3761d0106e823c5aa9f9f63b6b,4e9ec92a90c5d571d2f1d496f8df01f0a8f38596
2c879040c7ccb9ee51fb84140dd4ec4dceac8876,4e9ec92a90c5d571d2f1d496f8df01f0a8f38596
d84d5108c1a403abe9df6e2724ce59a102f62f39,4e9ec92a90c5d571d2f1d496f8df01f0a8f38596
2de5ac87b4d74330d5d104e9f0a57452f0d34b39,4e9ec92a90c5d571d2f1d496f8df01f0a8f38596
2adc09e3bb2ad9804996fe77c300a6e667f85787,4e9ec92a90c5d571d2f1d496f8df01f0a8f38596
802fe9c3ce02617333ad79b0d47fe297c20e34be,4e9ec92a90c5d571d2f1d496f8df01f0a8f38596
2877af87a5c5a0ba1a785bf55a9924da47f2daf4,4e9ec92a90c5d571d2f1d496f8df01f0a8f38596
9b64429fad3c20edcd000e147fc10bb64229ca11,4e9ec92a90c5d571d2f1d496f8df01f0a8f38596
52a2dcd7a4fccc7a2f204889701210cb308e7520,4e9ec92a90c5d571d2f1d496f8df01f0a8f38596
600a052d8216674b927d02718b94fea1c18e3aac,4e9ec92a90c5d571d2f1d496f8df01f0a8f38596
56b0c645d81d840c81607597c456bda70b1527cb,4e9ec92a90c5d571d2f1d496f8df01f0a8f38596
1d93d4300267079e73c58ea0b5244e6c3ed4161e,4e9ec92a90c5d571d2f1d496f8df01f0a8f38596
4ad043d69c1a924acb5618cf2c28fc6c85e0d69b,4e9ec92a90c5d571d2f1d496f8df01f0a8f38596
bb1360dad64ca25f2d05ae3ab5c545d4e3c76565,4e9ec92a90c5d571d2f1d496f8df01f0a8f38596
6b8b288853c66c758e0a98372ec30c9d12c1e0ee,4e9ec92a90c5d571d2f1d496f8df01f0a8f38596
3eca44f10a9e667636f94df832f74c1e16c3802c,4e9ec92a90c5d571d2f1d496f8df01f0a8f38596
89c93c62c167db101306dcfabd9177b288a16d8f,4e9ec92a90c5d571d2f1d496f8df01f0a8f38596
c17c67bbc62977c3c798247103de1591e8e52fc2,4e9ec92a90c5d571d2f1d496f8df01f0a8f38596
3d05f30601aa7aa8c6bcd4ab6034d142e2ae5dc6,4e9ec92a90c5d571d2f1d496f8df01f0a8f38596
9c3991f5d8434a103ba7ca5b51d83841d507f83c,4e9ec92a90c5d571d2f1d496f8df01f0a8f38596
2688bfd0d5d9a50511b074357572085dc8c95813,4e9ec92a90c5d571d2f1d496f8df01f0a8f38596
a5049e68eb578f1086371f65626f78d692773ba8,4e9ec92a90c5d571d2f1d496f8df01f0a8f38596
5e90657264cc5a1fa7bcded94de879e7529809ef,4e9ec92a90c5d571d2f1d496f8df01f0a8f38596
5aad801173651b5f2f7d83ccfcde92af7fb94ef0,4e9ec92a90c5d571d2f1d496f8df01f0a8f38596
8e062be9de74c09cc6fd483ff1c3a8222ffabc9f,4e9ec92a90c5d571d2f1d496f8df01f0a8f38596
214ebb87ee41b60698235f3903028c85e8dd4ce2,4e9ec92a90c5d571d2f1d496f8df01f0a8f38596
d228b0e2969a2136671bb49ddc8992b621613f28,4e9ec92a90c5d571d2f1d496f8df01f0a8f38596
0fa2c9df8d38169f8ee0e0329529907eb851ad19,4e9ec92a90c5d571d2f1d496f8df01f0a8f38596
37dfeb2cfb050dcdca4362a846b66aed99c35fa0,4e9ec92a90c5d571d2f1d496f8df01f0a8f38596
454bdcd4c847b30b781ff309552a48e9cf3391e8,4e9ec92a90c5d571d2f1d496f8df01f0a8f38596
2209ead5d4ae172359e34885c88d51ed770505a3,4e9ec92a90c5d571d2f1d496f8df01f0a8f38596
7b64c8af5b7dcee6baca5230b3b82e728d569ee9,4e9ec92a90c5d571d2f1d496f8df01f0a8f38596
5e8aec479506c54e62cab78469221f16075b5274,4e9ec92a90c5d571d2f1d496f8df01f0a8f38596
daceeaf53eebb7b605ce86a405bbdb1722d441d6,4e9ec92a90c5d571d2f1d496f8df01f0a8f38596
1262c487c673e80c2e56ade5d462d570a8b2960a,4e9ec92a90c5d571d2f1d496f8df01f0a8f38596
5d46f8efd83e816974a2b67d40b5729609fc6d04,4e9ec92a90c5d571d2f1d496f8df01f0a8f38596
0fd50bbf42143b6be0635172ecfdfc925a7674d3,4e9ec92a90c5d571d2f1d496f8df01f0a8f38596
7f579aa1054602434b563f32a7c3e5800501f80e,4e9ec92a90c5d571d2f1d496f8df01f0a8f38596
810c6504427f8be7152ab94c261fd6f6385f8314,4e9ec92a90c5d571d2f1d496f8df01f0a8f38596
348377d4811212931770425b1637d5945ee60192,4e9ec92a90c5d571d2f1d496f8df01f0a8f38596
b28c3743abd0fa88d318e03138ca6c3cf59453cd,4e9ec92a90c5d571d2f1d496f8df01f0a8f38596
8acd2d2200a6944dbd95d1438cbf9907b5e9d353,4e9ec92a90c5d571d2f1d496f8df01f0a8f38596
d25b8b02e76a8948e2c2464db890a9df9f1f92cd,4e9ec92a90c5d571d2f1d496f8df01f0a8f38596
530399b2753e9fd55e675ad52be2c8d0efe47b04,4e9ec92a90c5d571d2f1d496f8df01f0a8f38596
64b22d26cc5f6b17c57caa1cba33c9405a6de491,4e9ec92a90c5d571d2f1d496f8df01f0a8f38596
013e4c4b810fe8bfa3c5a56d8e329bf69ef32012,4e9ec92a90c5d571d2f1d496f8df01f0a8f38596
c48961ba4c7b607ad0c983da56e53f061a0763bf,4e9ec92a90c5d571d2f1d496f8df01f0a8f38596
c4198f9bf8d031a219f98866472824564c4b7159,4e9ec92a90c5d571d2f1d496f8df01f0a8f38596
c5f6e9b87e87beb6fb510e2e5afda9225b11db11,4e9ec92a90c5d571d2f1d496f8df01f0a8f38596
4598820e8e587f7cdac22ab0d6bddae0e0efcb92,4e9ec92a90c5d571d2f1d496f8df01f0a8f38596
982f7a7b2bcd5590f1d48bf5fda5e09a969baf4b,4e9ec92a90c5d571d2f1d496f8df01f0a8f38596
094b0a04e2ada92a175405b6c950f381b3ea1285,4e9ec92a90c5d571d2f1d496f8df01f0a8f38596
f2dc5a51b68ba854bfaaedbf15430aa1f9fe50ec,4e9ec92a90c5d571d2f1d496f8df01f0a8f38596
b614351259006d3b47fd84ee771be389746302d5,4e9ec92a90c5d571d2f1d496f8df01f0a8f38596
e7637974b238f6edd732879b9bf3f5c1db881a73,4e9ec92a90c5d571d2f1d496f8df01f0a8f38596
9f985d508448328bfe7bb422bb1b639bd609fb8c,4e9ec92a90c5d571d2f1d496f8df01f0a8f38596
ba6f34d30c74d71f9fdb61cc75b1ed9f918914a5,4e9ec92a90c5d571d2f1d496f8df01f0a8f38596
ceae880d15479ea4a8faa8d25402f2619adecc92,4e9ec92a90c5d571d2f1d496f8df01f0a8f38596
068cf97cbaff4bfbac818f54c4e414dfda85d6a5,4e9ec92a90c5d571d2f1d496f8df01f0a8f38596
08c5f2995345b2256b10c3977c2166e73b1ea6d3,4e9ec92a90c5d571d2f1d496f8df01f0a8f38596
cb120423e6aab153d6b876b80e8a4d86c28519c5,4e9ec92a90c5d571d2f1d496f8df01f0a8f38596
de265fd94c1ebddf34df8272fb2f1753b969db57,4e9ec92a90c5d571d2f1d496f8df01f0a8f38596
e884af49a43dad086dbcd863d6c91e4228b8cf18,4e9ec92a90c5d571d2f1d496f8df01f0a8f38596
228105ec25bcad2ad50b6719aeba372846ac5191,4e9ec92a90c5d571d2f1d496f8df01f0a8f38596
e446896137ed3734881502a5c85248b9d4b8b4de,4e9ec92a90c5d571d2f1d496f8df01f0a8f38596
e02512878d22ce889e7659eecac171de14abd821,4e9ec92a90c5d571d2f1d496f8df01f0a8f38596
7c47b16284bc03b25ec49c1347bfe313fd83f2db,4e9ec92a90c5d571d2f1d496f8df01f0a8f38596
c80ebd8d5a41d25f7ee2d4d0ae1b06f8d95dcbe1,4e9ec92a90c5d571d2f1d496f8df01f0a8f38596
29bf2734f5a23dae68cdfadecf2ae8834538c2f6,4e9ec92a90c5d571d2f1d496f8df01f0a8f38596
c5e4b7be2a0ec6b1d6121ded130210c32d104a06,4e9ec92a90c5d571d2f1d496f8df01f0a8f38596
002f172c34b39cd8de0a683dc5b4575395358685,4e9ec92a90c5d571d2f1d496f8df01f0a8f38596
62b08e459a15d0fc41a531e6b058fc2312406e85,4e9ec92a90c5d571d2f1d496f8df01f0a8f38596
22f4957adf6cae8562ad41c9a85b27a63c7dde01,4e9ec92a90c5d571d2f1d496f8df01f0a8f38596
6c25c6e04cc37234cd8d5df7b67690703f8b3b09,4e9ec92a90c5d571d2f1d496f8df01f0a8f38596
0b7c9513953ce0cbe17af8d8c91bc3a417730730,4e9ec92a90c5d571d2f1d496f8df01f0a8f38596
52115721ef4e9da02bb14c4239b9100e72aed8d8,4e9ec92a90c5d571d2f1d496f8df01f0a8f38596
17adce0a934a2bb3ca0ed13453344b8f0b880dcc,4e9ec92a90c5d571d2f1d496f8df01f0a8f38596
020d525a163430c06231365c0dc4df8c5300df66,4e9ec92a90c5d571d2f1d496f8df01f0a8f38596
a89b257849a9f4d4a9d73d6eeb591f307ad112ad,4e9ec92a90c5d571d2f1d496f8df01f0a8f38596
fe48d87fed7fba84fb71ce21df79a5d35ccfd8cc,4e9ec92a90c5d571d2f1d496f8df01f0a8f38596
fc752e03587d8d11de80c9f62b108a34a93926ab,4e9ec92a90c5d571d2f1d496f8df01f0a8f38596
2a1f7dd68e065720d10e50d8b6cbf15796a2ec57,4e9ec92a90c5d571d2f1d496f8df01f0a8f38596
ee7267970870c1c68d7d404f6a036e4a684a0bfa,4e9ec92a90c5d571d2f1d496f8df01f0a8f38596
517d760b38626bc7a221154115afefb16b0d5673,4e9ec92a90c5d571d2f1d496f8df01f0a8f38596
6e454ab08ad234ec7481d71ce99eda7cffd3d0b9,4e9ec92a90c5d571d2f1d496f8df01f0a8f38596
0e315aecdab806e3cabd1cd5438ab52891ef4983,4e9ec92a90c5d571d2f1d496f8df01f0a8f38596
1a68194057da8fbc87e0d7d1fbfde8e8ab198d91,4e9ec92a90c5d571d2f1d496f8df01f0a8f38596
9c1e45ef29470fa1b83fc84f3573d94aa72843e6,4e9ec92a90c5d571d2f1d496f8df01f0a8f38596
e45161a22dfa81e8be2b82cfc00ba7c884715c64,4e9ec92a90c5d571d2f1d496f8df01f0a8f38596
e257be58e0a08244f5471e111071709acc6771c1,4e9ec92a90c5d571d2f1d496f8df01f0a8f38596
82bcb8147672b602375cbcb7e8643cf601b451cc,4e9ec92a90c5d571d2f1d496f8df01f0a8f38596
92591957bf6b540bc791ce92303521ab65c9cce9,4e9ec92a90c5d571d2f1d496f8df01f0a8f38596
76e4f3d99f58ae39e2ff4a4c7f2c0f11f0c3d3be,4e9ec92a90c5d571d2f1d496f8df01f0a8f38596
d0f854d63f5ef7bef045ba39d1101cfb812e368f,4e9ec92a90c5d571d2f1d496f8df01f0a8f38596
8955d48efc49ed12739ad9cbf2577af0d5c6d9ec,4e9ec92a90c5d571d2f1d496f8df01f0a8f38596
7798759de9b836611fe0cc2196bc1fb9b4a42536,4e9ec92a90c5d571d2f1d496f8df01f0a8f38596
10b7e186f424625fc8d291caca97d8792135bbb6,4e9ec92a90c5d571d2f1d496f8df01f0a8f38596
24447a8cd37df4710fe28fed254f11cf04a95888,4e9ec92a90c5d571d2f1d496f8df01f0a8f38596
d929044979edf7a7ab70686225f2ec40afd5fd8b,4e9ec92a90c5d571d2f1d496f8df01f0a8f38596
9f72262682503181f88fdb45d58a6cb1843a3a3b,4e9ec92a90c5d571d2f1d496f8df01f0a8f38596
8cadc419239010533950f1453ad8c74dcbd119ea,4e9ec92a90c5d571d2f1d496f8df01f0a8f38596
64226cdc4dfcfcf64b9e02011ef1577f9854f2ab,4e9ec92a90c5d571d2f1d496f8df01f0a8f38596
a7e45f8a4bb07e72d3ab6e4f1271586d7bd06cd9,4e9ec92a90c5d571d2f1d496f8df01f0a8f38596
a4401aab69332721f8329dc496d52c8f0767ff0a,4e9ec92a90c5d571d2f1d496f8df01f0a8f38596
3e2ff8aac74726c34268a9c1041c1fc0ce2d22ce,4e9ec92a90c5d571d2f1d496f8df01f0a8f38596
92636abfd527d1c0156fad8aa30a6de0269340b7,4e9ec92a90c5d571d2f1d496f8df01f0a8f38596
c4312b510a921adb04f8cd26aa3aed86bd4b2ba8,4e9ec92a90c5d571d2f1d496f8df01f0a8f38596
2844db77995b3e02b77a89a96afa36eb10aef4a0,4e9ec92a90c5d571d2f1d496f8df01f0a8f38596
67f66e47101ff70bc9daaf847254be187b2ed260,4e9ec92a90c5d571d2f1d496f8df01f0a8f38596
5b2527a585db34ff1c22fbd630e2c8a94f03cca4,4e9ec92a90c5d571d2f1d496f8df01f0a8f38596
713570acf279d390cc1f3aea8c8940b1a612b846,4e9ec92a90c5d571d2f1d496f8df01f0a8f38596
3166e7fdd16b09554028b471703a92bf67f251fd,4e9ec92a90c5d571d2f1d496f8df01f0a8f38596
f8b271004b022c61fa3349428bf91bd512b5a70b,4e9ec92a90c5d571d2f1d496f8df01f0a8f38596
d00a22edb7af4b0b4040db3ba63c59205d0ab430,4e9ec92a90c5d571d2f1d496f8df01f0a8f38596
79f5938b4d49ce10fe9fdb866fbbbdfb90f3d501,4e9ec92a90c5d571d2f1d496f8df01f0a8f38596
417a8c6631916183b6a9e74e7d7ff284f09a1ccb,4e9ec92a90c5d571d2f1d496f8df01f0a8f38596
3c14f0b6be7dea5d5ee6eb3dccbfdb15e57c07fe,4e9ec92a90c5d571d2f1d496f8df01f0a8f38596
d16a5c3baa39088a894180d06f33bc63979c8a2c,4e9ec92a90c5d571d2f1d496f8df01f0a8f38596
8a373aa50e7295e8e9cbc2b0f043ac21215dfed1,4e9ec92a90c5d571d2f1d496f8df01f0a8f38596
da72d5f870995761eaed88cd1124e9a001167ddc,4e9ec92a90c5d571d2f1d496f8df01f0a8f38596
fab1a389d9c12c182b94b69c10f77c085059fedb,4e9ec92a90c5d571d2f1d496f8df01f0a8f38596
cccb9a395e56db4ec5a7c114f9346a268bbf6e90,4e9ec92a90c5d571d2f1d496f8df01f0a8f38596
627f901e81e932daa2158096ddcc46ad8bdf109d,4e9ec92a90c5d571d2f1d496f8df01f0a8f38596
7d61fb009f2d9aa3c3a7bc771008f16b38ad9bae,4e9ec92a90c5d571d2f1d496f8df01f0a8f38596
f89db4927356922c7e5be18bed0f5e2bbf237a2e,4e9ec92a90c5d571d2f1d496f8df01f0a8f38596
2660d8b26f10fe932fd4e0434375c432d1c90ecd,4e9ec92a90c5d571d2f1d496f8df01f0a8f38596
a6cb74f8d265de0808dda9ff4097271eb5fa573b,4e9ec92a90c5d571d2f1d496f8df01f0a8f38596
31a892723127cc1f4e7614f25d527f72ca66e8b1,4e9ec92a90c5d571d2f1d496f8df01f0a8f38596
712177c697e5a084db0b9d6760eafea4cd116f0c,4e9ec92a90c5d571d2f1d496f8df01f0a8f38596
e8d6c3b81b15d2e657e96413a2abd2516236bd5f,4e9ec92a90c5d571d2f1d496f8df01f0a8f38596
1d7c5d35d2dcfe431ff8532dd9979d83050185c6,4e9ec92a90c5d571d2f1d496f8df01f0a8f38596
4c5bec9bb1f1bd41f1128904204bf52b1d4838e9,4e9ec92a90c5d571d2f1d496f8df01f0a8f38596
514bf479fefe10408a715e677d12b36cf0488712,4e9ec92a90c5d571d2f1d496f8df01f0a8f38596
4537b5371feeb1c0072fe3ba7928508bd5d82044,4e9ec92a90c5d571d2f1d496f8df01f0a8f38596
0894b09eed468543d139be75bc15aa703350d8ef,4e9ec92a90c5d571d2f1d496f8df01f0a8f38596
d0957c7dbc0a814dab27543daf58c9244d934e1c,4e9ec92a90c5d571d2f1d496f8df01f0a8f38596
553ceefae97d6f2d1c085ead59fcc7ce1f7f718c,4e9ec92a90c5d571d2f1d496f8df01f0a8f38596
85f6a59876920144814cf2657812668622b833a1,4e9ec92a90c5d571d2f1d496f8df01f0a8f38596
d4a35a5b94f8a3ab3d2ba8b7b3dfac7d2cd593bb,4e9ec92a90c5d571d2f1d496f8df01f0a8f38596
cbfbd4726c668970e0bbe059c2b6372edfd62b49,4e9ec92a90c5d571d2f1d496f8df01f0a8f38596
19e518a6f9e0eaf6d7d4420bcfbf078d267e6975,4e9ec92a90c5d571d2f1d496f8df01f0a8f38596
f9e111119a1f66e12f7ae56cb647c57143e34611,4e9ec92a90c5d571d2f1d496f8df01f0a8f38596
2b3c776ebfd14419ba905c61f325cf0f319984c8,4e9ec92a90c5d571d2f1d496f8df01f0a8f38596
722ed8144cac1ab592f558f1c66f34e690d364b1,4e9ec92a90c5d571d2f1d496f8df01f0a8f38596
167e00dd52f306b6917a7c190588e5d8beb18ee1,4e9ec92a90c5d571d2f1d496f8df01f0a8f38596
5269ec7808cf8cf44a62d5cf5e224f025d247dec,4e9ec92a90c5d571d2f1d496f8df01f0a8f38596
3bd7f2b65006e4ee6a44e3ac2a3be8652294ad94,4e9ec92a90c5d571d2f1d496f8df01f0a8f38596
cede8656d9e6b69b0ffc9523ed290df84f344094,4e9ec92a90c5d571d2f1d496f8df01f0a8f38596
e4757871d1b2885fc6ca715545de5e732eb3f7a7,4e9ec92a90c5d571d2f1d496f8df01f0a8f38596
d9103a96380ad29fbe2f2134324c2fc07d3e2f47,4e9ec92a90c5d571d2f1d496f8df01f0a8f38596
f88e20fcdf692640a26eb49a5177a0497e6aadd2,4e9ec92a90c5d571d2f1d496f8df01f0a8f38596
1087d271f5bb81a06320d80c7b2c9c363a1174ea,4e9ec92a90c5d571d2f1d496f8df01f0a8f38596
945fa864bcd10d9a59a8a8456140f7ddbf2bd336,4e9ec92a90c5d571d2f1d496f8df01f0a8f38596
45363cf5e27f2f2aaf388e779e8a5e229822117f,4e9ec92a90c5d571d2f1d496f8df01f0a8f38596
61c4c27d0929bf7b2a5ce6a5dc41a9843e8c6dd0,4e9ec92a90c5d571d2f1d496f8df01f0a8f38596
4eda2b082cfd27f5daf0e7e445d6806887a9d25a,4e9ec92a90c5d571d2f1d496f8df01f0a8f38596
affecb41d2953ec10b78d2a7f505d62fec9efb69,4e9ec92a90c5d571d2f1d496f8df01f0a8f38596
d1ced7a820f8a7fd8d083a11c41d2802c914fb9a,4e9ec92a90c5d571d2f1d496f8df01f0a8f38596
4dbb88c71fb0a930143983989829292ec1445713,4e9ec92a90c5d571d2f1d496f8df01f0a8f38596
1164339af44016659acea73cba88cc0bcda22e83,4e9ec92a90c5d571d2f1d496f8df01f0a8f38596
84bbf6756198f879ed08e1ac6bb2dd0d9228ab97,4e9ec92a90c5d571d2f1d496f8df01f0a8f38596
a4983968cd8c477cf58f284c6619234ca3950a98,4e9ec92a90c5d571d2f1d496f8df01f0a8f38596
ea6d164f10095d6376d4faad79b40633c2a221fe,4e9ec92a90c5d571d2f1d496f8df01f0a8f38596
66b9de137d70cca05d6ce3408c86572da2f14aa8,4e9ec92a90c5d571d2f1d496f8df01f0a8f38596
2641aa3cb147c9f70f312af5b8d6e1c6a44d7279,4e9ec92a90c5d571d2f1d496f8df01f0a8f38596
d7db32fc09e02b900eab529a56cc364eef43935d,4e9ec92a90c5d571d2f1d496f8df01f0a8f38596
f55a83cdc5c4dfa2d2b1e735c81d8a5cce2940fb,4e9ec92a90c5d571d2f1d496f8df01f0a8f38596
a3975ebc1eb22848b23765ee11baca63e1d08464,4e9ec92a90c5d571d2f1d496f8df01f0a8f38596
4f2bfac0cca70a5bf7783dcee8443053f22fd38c,4e9ec92a90c5d571d2f1d496f8df01f0a8f38596
c502f1ea30b6fea07e32a9542fd6fbf286f7c597,4e9ec92a90c5d571d2f1d496f8df01f0a8f38596
9d23e19a9c146157f6b7386ed2090cd85e4f1683,4e9ec92a90c5d571d2f1d496f8df01f0a8f38596
f6f07c83f79b0ea210af41f59d606e48381194ab,4e9ec92a90c5d571d2f1d496f8df01f0a8f38596
bd7a45c3bd443a473cacc6ad9e9f15402b5b35e6,4e9ec92a90c5d571d2f1d496f8df01f0a8f38596
f9c6eb10f82b68d32fa3d85dcbd58e137ca65173,4e9ec92a90c5d571d2f1d496f8df01f0a8f38596
2689895de88569b7e7c606ecf3b516e731f2e00c,4e9ec92a90c5d571d2f1d496f8df01f0a8f38596
c7ce05d1f6a0e6f0b5ed20c7d219d1ed4ed7928b,4e9ec92a90c5d571d2f1d496f8df01f0a8f38596
8ba9a5b765ddc570d060ce57f2971a45c1f8b400,4e9ec92a90c5d571d2f1d496f8df01f0a8f38596
a4ecd2964493e1e77873d7d9cc5257bcefecbca8,4e9ec92a90c5d571d2f1d496f8df01f0a8f38596
8301b0a9684797f5b90e852db639c6074b7825bc,4e9ec92a90c5d571d2f1d496f8df01f0a8f38596
d73f081043846b957dd2c0abbcb04da7b4abdabe,4e9ec92a90c5d571d2f1d496f8df01f0a8f38596
04bb28d3e24d49adec216847512ce5cb13422894,4e9ec92a90c5d571d2f1d496f8df01f0a8f38596
cf4eab7ba6354d2908f312339abb087dd2675b13,4e9ec92a90c5d571d2f1d496f8df01f0a8f38596
19312ad47c7c002c023717b4c5ad393006445086,4e9ec92a90c5d571d2f1d496f8df01f0a8f38596
d8946839b88443035cbc46ea934f45bc3a0bbd51,4e9ec92a90c5d571d2f1d496f8df01f0a8f38596
b095989b21b9b77c8006c57c2506f2d4e3bf0c87,4e9ec92a90c5d571d2f1d496f8df01f0a8f38596
1948cb8654f3cf96e091fa40a7082cf4a48d2864,4e9ec92a90c5d571d2f1d496f8df01f0a8f38596
d88762e67b2f5fd7809f19c28f733a015a9bb82b,4e9ec92a90c5d571d2f1d496f8df01f0a8f38596
ea4410fcca7c4e29e9804b185045d5189551f5f7,4e9ec92a90c5d571d2f1d496f8df01f0a8f38596
73cf9927605bce1487812d4bd63dc2dfb78ca816,4e9ec92a90c5d571d2f1d496f8df01f0a8f38596
4a43ba2212440405ddf7fdebf110c651d766e0ec,4e9ec92a90c5d571d2f1d496f8df01f0a8f38596
37c198d20cc551371d82095637b776b3dfd4b88c,4e9ec92a90c5d571d2f1d496f8df01f0a8f38596
1835d02170c046c681828a8069be127ba4ba0603,4e9ec92a90c5d571d2f1d496f8df01f0a8f38596
8aecf6002732e2fbd561067df177136b81da4d8e,4e9ec92a90c5d571d2f1d496f8df01f0a8f38596
8998ad40d7067fc862a9b17b1f8e0c741750ce4f,4e9ec92a90c5d571d2f1d496f8df01f0a8f38596
aaee9d9346d4c316cbc5cc59374b939955bd788f,4e9ec92a90c5d571d2f1d496f8df01f0a8f38596
05f233f2cdc506df8c1d105127307ac08fad3c2a,4e9ec92a90c5d571d2f1d496f8df01f0a8f38596
78345a7d8f1e9c46a55861d65efe9e1d4e02b301,4e9ec92a90c5d571d2f1d496f8df01f0a8f38596
970a56aba0e752831fff16e2748eda3c63fb8a9b,4e9ec92a90c5d571d2f1d496f8df01f0a8f38596
08b08960f31e63e572833f8ea97ddaac5d05300e,4e9ec92a90c5d571d2f1d496f8df01f0a8f38596
cda7c6a84608b5fcc2a3796bdd4bfa713e44d746,4e9ec92a90c5d571d2f1d496f8df01f0a8f38596
6a324bdfc228898f6f322f698f9a0ba67ddf31c8,4e9ec92a90c5d571d2f1d496f8df01f0a8f38596
078956efc2ccb398e4b9f063e06a4fe86456ddde,4e9ec92a90c5d571d2f1d496f8df01f0a8f38596
aaf1b9226c47ab0d3e57bc023d3d045ca64fce75,4e9ec92a90c5d571d2f1d496f8df01f0a8f38596
18cb62276d405134c7cf1215df5923efb609978d,4e9ec92a90c5d571d2f1d496f8df01f0a8f38596
85550dc261550488c2c9f3cebb85172f0e0bc974,4e9ec92a90c5d571d2f1d496f8df01f0a8f38596
f4655853b297072f56a50bc2866b1ac3386b5006,4e9ec92a90c5d571d2f1d496f8df01f0a8f38596
ca092039151917d14412b2f6d978e878af21151f,4e9ec92a90c5d571d2f1d496f8df01f0a8f38596
89079240c052b16ab91a07060863e3137d6875c5,4e9ec92a90c5d571d2f1d496f8df01f0a8f38596
a95b8aa0af2d2db71a5604b3acb5fd246c970b15,4e9ec92a90c5d571d2f1d496f8df01f0a8f38596
00b2ad3cf52b456c1cd5f5a953d967138cbc916c,4e9ec92a90c5d571d2f1d496f8df01f0a8f38596
3350a705b55da7b2fb6464d74e824440ff8d3d4b,4e9ec92a90c5d571d2f1d496f8df01f0a8f38596
2989442d4e3e01c5e931c25812632100c4a18c87,4e9ec92a90c5d571d2f1d496f8df01f0a8f38596
be1fe2bf77dcd9388467e94b4c49498c385ff904,4e9ec92a90c5d571d2f1d496f8df01f0a8f38596
2bdd8e903cb0262eb1febe62f3d811b6639d0a36,4e9ec92a90c5d571d2f1d496f8df01f0a8f38596
7d77cf5059fc673adca2c90e0ae38a26c5dc8069,4e9ec92a90c5d571d2f1d496f8df01f0a8f38596
e3e9d885e2e5a58459f6368b10d666bfd8653ad9,4e9ec92a90c5d571d2f1d496f8df01f0a8f38596
4cba973afad071b5642cfc667a88c1b146df10cf,4e9ec92a90c5d571d2f1d496f8df01f0a8f38596
2ca440feeb6ea6e90ed20836159f388b9192cd87,4e9ec92a90c5d571d2f1d496f8df01f0a8f38596
29e32db09fa1479bdbb147a237d51673a6343656,4e9ec92a90c5d571d2f1d496f8df01f0a8f38596
3e5ed67928b2e4526d11c7e25e93a44cfc31f875,4e9ec92a90c5d571d2f1d496f8df01f0a8f38596
8cc07328f178fc2cf6919e05d7847d4263c6e1c3,4e9ec92a90c5d571d2f1d496f8df01f0a8f38596
33dc315d4ac9350b19733822e7b8c469458386c5,4e9ec92a90c5d571d2f1d496f8df01f0a8f38596
a0322b768dc6e39e61cb68c3e77b9c043cf9eed1,4e9ec92a90c5d571d2f1d496f8df01f0a8f38596
203c67c679de7398f5cbc9aeffeb9a723b350ffb,4e9ec92a90c5d571d2f1d496f8df01f0a8f38596
c80b8d3fbd3cde4cc0c8bfac5df9c00b6f81f588,4e9ec92a90c5d571d2f1d496f8df01f0a8f38596
7cecffe136726c2b516a922c70fe64874b9244a0,4e9ec92a90c5d571d2f1d496f8df01f0a8f38596
618b9e9d78fd7c18962a3c83d1696b467663647b,4e9ec92a90c5d571d2f1d496f8df01f0a8f38596
61ab196a6b64d6ff70e3688841a7b2e334fd2edc,4e9ec92a90c5d571d2f1d496f8df01f0a8f38596
68df1e5b094620948070051cee461a68b74a9659,4e9ec92a90c5d571d2f1d496f8df01f0a8f38596
e0baee82d3bf6a6d4c5dd593529844f14c074f8b,4e9ec92a90c5d571d2f1d496f8df01f0a8f38596
803a29fa84723868aff4bf72d1bb0e820d71539c,4e9ec92a90c5d571d2f1d496f8df01f0a8f38596
9b62b3f783c867bfe2eb32c5231b8d1a57ccc089,4e9ec92a90c5d571d2f1d496f8df01f0a8f38596
e05d518f49da2443b71c9ed9d50511ceee45f856,4e9ec92a90c5d571d2f1d496f8df01f0a8f38596
7c3c6d68f85db22ffdff677e8e45cc41a9e3a54f,4e9ec92a90c5d571d2f1d496f8df01f0a8f38596
075ce21dd7b852a27a0a564886e0f70ca54c878b,4e9ec92a90c5d571d2f1d496f8df01f0a8f38596
f28295f219378aa2bdb03e5d1acc68751433e102,4e9ec92a90c5d571d2f1d496f8df01f0a8f38596
c51511a10e5111b0896aa39bc219e9c9b6a4fa0f,4e9ec92a90c5d571d2f1d496f8df01f0a8f38596
7d6775390576b156fa0371e502ec992c68d4ee50,4e9ec92a90c5d571d2f1d496f8df01f0a8f38596
42dfbe6087d5d08e85697ccae172e9a84ced682a,4e9ec92a90c5d571d2f1d496f8df01f0a8f38596
8e31152fcc46ffc5701b6aa2f8bc0c15408b1e38,4e9ec92a90c5d571d2f1d496f8df01f0a8f38596
fdd888a7c29faa92c55422da923ebb999cbd8863,4e9ec92a90c5d571d2f1d496f8df01f0a8f38596
517285dfd7e1c7106ca5ccf0b5760a7395329e43,4e9ec92a90c5d571d2f1d496f8df01f0a8f38596
409cf43cdfaaf24136d2504f9d8d630947dfc6be,4e9ec92a90c5d571d2f1d496f8df01f0a8f38596
df32f72b1485983919b121579fa36a460466c031,4e9ec92a90c5d571d2f1d496f8df01f0a8f38596
6b27b173879211b5651a097be67ebbb5ad1b5c06,4e9ec92a90c5d571d2f1d496f8df01f0a8f38596
e743feac1ffb7a78682700ae45eae3b5262a607e,4e9ec92a90c5d571d2f1d496f8df01f0a8f38596
1b90c398c33646d674e0e607b8e5cdf87499b190,4e9ec92a90c5d571d2f1d496f8df01f0a8f38596
d607b504b9b160213f780fbc819542fa8970a238,4e9ec92a90c5d571d2f1d496f8df01f0a8f38596
f16cd2500e49a0061e8188cc31975a612ecb735c,4e9ec92a90c5d571d2f1d496f8df01f0a8f38596
038bd2af0dd3411dce07f4322e3444e45fd3d5e9,4e9ec92a90c5d571d2f1d496f8df01f0a8f38596
7c4edca0f15ff1d3af732e7c5d0a5752cb8b9141,4e9ec92a90c5d571d2f1d496f8df01f0a8f38596
bc1872487dcc1b6b461022a8877820a44cbf81da,4e9ec92a90c5d571d2f1d496f8df01f0a8f38596
dfccbc42ff46ca8e1826e4d7535e0d162fb76c1e,4e9ec92a90c5d571d2f1d496f8df01f0a8f38596
2575a471efabce78fe24daffb1faa5bc9cafb0d9,4e9ec92a90c5d571d2f1d496f8df01f0a8f38596
6e3bb2a97868d12b9952bfec9d5189039b064d7c,4e9ec92a90c5d571d2f1d496f8df01f0a8f38596
514d15edec3bebce3fbe6f1dbeeff4849ff22ab8,4e9ec92a90c5d571d2f1d496f8df01f0a8f38596
5174679909b4ace3276eba33b9fe90c4b3356385,4e9ec92a90c5d571d2f1d496f8df01f0a8f38596
f2d4f8629f164b505375e7c8182f42ec6e715498,4e9ec92a90c5d571d2f1d496f8df01f0a8f38596
7c75881b4c61d78cb241e172b19f80363dce5052,4e9ec92a90c5d571d2f1d496f8df01f0a8f38596
b2091f23c96bae67b03790d062cc241320158eff,4e9ec92a90c5d571d2f1d496f8df01f0a8f38596
c743fe9a8be558d63f7b49a00edea6eab9b5e0ee,4e9ec92a90c5d571d2f1d496f8df01f0a8f38596
d561d5b59d2310c670fa3ac65515fdf3b452fdea,4e9ec92a90c5d571d2f1d496f8df01f0a8f38596
f37f54b49129a711176fa4f0285160c55ea7d5eb,4e9ec92a90c5d571d2f1d496f8df01f0a8f38596
6eed1e59a283857ac8088db2a3088603e0df5fd4,4e9ec92a90c5d571d2f1d496f8df01f0a8f38596
13d746c011e25c60f4ba45a1457fe60d8011f401,4e9ec92a90c5d571d2f1d496f8df01f0a8f38596
01588bc647ec81659ef9bec06b30d7cdd92b379d,4e9ec92a90c5d571d2f1d496f8df01f0a8f38596
20ce7e39105a313afd42e1c48cea7a48e61e28b0,4e9ec92a90c5d571d2f1d496f8df01f0a8f38596
f2e0e7eb5a228b3b8d358fabb8e1bad2cf40c370,4e9ec92a90c5d571d2f1d496f8df01f0a8f38596
3acc63bed573efdb50e275006c4236166487b800,4e9ec92a90c5d571d2f1d496f8df01f0a8f38596
e22b09e4350e45527c1c532de5c2bc1d367f3954,4e9ec92a90c5d571d2f1d496f8df01f0a8f38596
cf9b0f0dc9dcc1ab8aaa79c82528deef3741ed34,4e9ec92a90c5d571d2f1d496f8df01f0a8f38596
9f7aead66355a73347735f8491f7cf797211b348,4e9ec92a90c5d571d2f1d496f8df01f0a8f38596
3b699969174023377544f9ed4df20b074d1b1988,4e9ec92a90c5d571d2f1d496f8df01f0a8f38596
b34fa9e6b8acb080ec1ea9976896c5e368dd5a74,4e9ec92a90c5d571d2f1d496f8df01f0a8f38596
891d898c9f6f13d0833c2c38519f2783c632467f,4e9ec92a90c5d571d2f1d496f8df01f0a8f38596
fde60020f819740437dfbe1613902dafba0694ac,4e9ec92a90c5d571d2f1d496f8df01f0a8f38596
7cf23f9fea1af8f16204e969511d01b49d3c3950,4e9ec92a90c5d571d2f1d496f8df01f0a8f38596
0ffe034a579a9ec35e205be19593e15f4d4c9fbc,4e9ec92a90c5d571d2f1d496f8df01f0a8f38596
c5df3d455a6570f627d8b283e9468f038e607e9d,4e9ec92a90c5d571d2f1d496f8df01f0a8f38596
9fb43ac9498795bdc47708e70c57d5fd70b02e8a,4e9ec92a90c5d571d2f1d496f8df01f0a8f38596
cd38b1e3feab0e40428e2da522afaf5164e3594b,4e9ec92a90c5d571d2f1d496f8df01f0a8f38596
e452de513cd16a79c94ab226788a7fa708e0e7be,4e9ec92a90c5d571d2f1d496f8df01f0a8f38596
773d61ae56482b8cdd15e57158a6f513a4069567,4e9ec92a90c5d571d2f1d496f8df01f0a8f38596
390454f2a80a9f7f6be39efc066e9e2214a7f649,4e9ec92a90c5d571d2f1d496f8df01f0a8f38596
4b9c759b05e1c4c8f40a7fa492564cd47a0eb5b6,4e9ec92a90c5d571d2f1d496f8df01f0a8f38596
da3c859c2e29b7e657425b48ab677264bcd3f15e,4e9ec92a90c5d571d2f1d496f8df01f0a8f38596
0561f35a5268bd02e09de5a25b54382340025f0f,4e9ec92a90c5d571d2f1d496f8df01f0a8f38596
a2f4b78f2caca3df4c4725712a0644156f530664,4e9ec92a90c5d571d2f1d496f8df01f0a8f38596
95ada1a8a183a59d0ac49becfe0ce89b0751bb1c,4e9ec92a90c5d571d2f1d496f8df01f0a8f38596
5ba53701858309005c21dde52b11f2c4c35e15cf,4e9ec92a90c5d571d2f1d496f8df01f0a8f38596
8da20adfe723a1d1d5a3cf29e5381d51c7e4df7e,4e9ec92a90c5d571d2f1d496f8df01f0a8f38596
c70a5445459e0c9789eaac94d56375264350e0f0,4e9ec92a90c5d571d2f1d496f8df01f0a8f38596
07fe7d34daec1ac92bcddbdf22f6cbb394e67029,4e9ec92a90c5d571d2f1d496f8df01f0a8f38596
76523981ee6c9cb08e439d3c536e793cfff7aebc,4e9ec92a90c5d571d2f1d496f8df01f0a8f38596
2f48cf10af90af14b113df595cb316699801930e,4e9ec92a90c5d571d2f1d496f8df01f0a8f38596
094b6f730c4cf03d2f37adac351aa1020590f3bf,4e9ec92a90c5d571d2f1d496f8df01f0a8f38596
a46aaa342d1b40fbe4b5d3bebac82213cf00e952,4e9ec92a90c5d571d2f1d496f8df01f0a8f38596
176adae3eeb4a55854c4c231c4c859050ad79b56,4e9ec92a90c5d571d2f1d496f8df01f0a8f38596
c8d6c51a9dbee75ee7ef9cde79b87f9d09f107c0,4e9ec92a90c5d571d2f1d496f8df01f0a8f38596
ac707162df106ee8ef5d4592d27f927d8220b7c3,4e9ec92a90c5d571d2f1d496f8df01f0a8f38596
660d82f2ca94dcd1917fcb27802d417aa6f9607d,4e9ec92a90c5d571d2f1d496f8df01f0a8f38596
bf53d47f05234328b94bbcdf43eebd4aaaae9bab,4e9ec92a90c5d571d2f1d496f8df01f0a8f38596
5aaf2019581f1ddb65f6151578bb7734140172db,4e9ec92a90c5d571d2f1d496f8df01f0a8f38596
606803d0d774b1d901b5b696fa76846af88655a3,4e9ec92a90c5d571d2f1d496f8df01f0a8f38596
1d1475d76839bcee4f69286a6c47e1706a2b6283,4e9ec92a90c5d571d2f1d496f8df01f0a8f38596
fc5dff09f8a4fb80c40f787551bddf9e662713eb,4e9ec92a90c5d571d2f1d496f8df01f0a8f38596
0c9d23c350de6caf146098013836f0a1f783b9e3,4e9ec92a90c5d571d2f1d496f8df01f0a8f38596
89097afcdbe8ee2e4e73e599eb6a1f662078442a,4e9ec92a90c5d571d2f1d496f8df01f0a8f38596
9b9cb35f269d808f945eec4d209e612c08b68a9a,4e9ec92a90c5d571d2f1d496f8df01f0a8f38596
6a6106081b932c0cd7558966cfd2afccb70ef8ed,4e9ec92a90c5d571d2f1d496f8df01f0a8f38596
4fed38598acfcd906b9d98fdcac1d678d94b3c0a,4e9ec92a90c5d571d2f1d496f8df01f0a8f38596
f33ef800859f4dd583f7458562ecfc595c2a53e9,4e9ec92a90c5d571d2f1d496f8df01f0a8f38596
e7679ec238aad625c957f28515b9668cd381fc56,4e9ec92a90c5d571d2f1d496f8df01f0a8f38596
46d2caf9565b5630476f47b37740a38042f15fe1,4e9ec92a90c5d571d2f1d496f8df01f0a8f38596
94c2e5b99bc2edc591a02b304e791e67e3cdb0c4,4e9ec92a90c5d571d2f1d496f8df01f0a8f38596
430390013afccc77b0035954565b9e7448dd8b54,4e9ec92a90c5d571d2f1d496f8df01f0a8f38596
54a18328991a2ba35595e3edea15835d0613e96d,4e9ec92a90c5d571d2f1d496f8df01f0a8f38596
5506b38d2b57d58026b4f31ce1d401c22f71e684,4e9ec92a90c5d571d2f1d496f8df01f0a8f38596
506b5c33230a65c8f35f82ccdf2ad65bd306a544,4e9ec92a90c5d571d2f1d496f8df01f0a8f38596
f39a4e1c9db0a68192a5d4341bba280a050c9eda,4e9ec92a90c5d571d2f1d496f8df01f0a8f38596
be0999c5b9c8ee13b3ce12f49267f13a2bfc3ef4,4e9ec92a90c5d571d2f1d496f8df01f0a8f38596
5fcbfa4d12a846f4099f79d35a29069174561388,4e9ec92a90c5d571d2f1d496f8df01f0a8f38596
93be7fdee66f88514bcec6eca24df85fcbdec8d6,4e9ec92a90c5d571d2f1d496f8df01f0a8f38596
83ce44e9dc82d54da7fec3ee98ee2c574c2b1d61,4e9ec92a90c5d571d2f1d496f8df01f0a8f38596
3d8c584f0c8a63c9925b9a35a8613327a3f0d134,4e9ec92a90c5d571d2f1d496f8df01f0a8f38596
d9da73764b5c35ebfe22f81180a46f830f3bfe2c,4e9ec92a90c5d571d2f1d496f8df01f0a8f38596
53bffbb649edb8be1e3ee0369444c7d1372f1d36,4e9ec92a90c5d571d2f1d496f8df01f0a8f38596
3ffe41693deec648aebc1452ab5249d6372363b8,4e9ec92a90c5d571d2f1d496f8df01f0a8f38596
cf23bc1e02121a9ef4e5616fa8911b870e9e3e8c,4e9ec92a90c5d571d2f1d496f8df01f0a8f38596
270022edda31f33fac339fdbe9f2060ec0c6205c,4e9ec92a90c5d571d2f1d496f8df01f0a8f38596
2464b1d8c91696328e035c940214ef12adc808b1,4e9ec92a90c5d571d2f1d496f8df01f0a8f38596
d922a033bb0382d5981f97c883c8c04a449a2828,4e9ec92a90c5d571d2f1d496f8df01f0a8f38596
533e3efb789b320b92d28bbd9ffc6d35c0f4441a,4e9ec92a90c5d571d2f1d496f8df01f0a8f38596
8c11d7ea0078bfac1e56107e17dae7cc373c67e1,4e9ec92a90c5d571d2f1d496f8df01f0a8f38596
96539940f467228bc843e6a818736853b9c843bf,4e9ec92a90c5d571d2f1d496f8df01f0a8f38596
43b70d648860a62f1c5c2e90d976154430df73ca,4e9ec92a90c5d571d2f1d496f8df01f0a8f38596
9bc6162b60e164bfcf05d09d8918b0ce5b893225,4e9ec92a90c5d571d2f1d496f8df01f0a8f38596
4c5e410fac4fbf2813858be23ea78e08155f64b6,4e9ec92a90c5d571d2f1d496f8df01f0a8f38596
5042689be16a59112619e4258e879d9901f6f340,4e9ec92a90c5d571d2f1d496f8df01f0a8f38596
8be2e1efe483de44662c859ffb15bf1ab1698c8c,4e9ec92a90c5d571d2f1d496f8df01f0a8f38596
2279fea5fbdd76bc7a647d9d3791a2a820f313bd,4e9ec92a90c5d571d2f1d496f8df01f0a8f38596
0de5522264a1b7edfb911059d00ed971285c4992,4e9ec92a90c5d571d2f1d496f8df01f0a8f38596
ae0f8d0f14461187da4fcf250a00c9c03964ddae,4e9ec92a90c5d571d2f1d496f8df01f0a8f38596
193a1877e1c9914a982853445813895439837d8b,4e9ec92a90c5d571d2f1d496f8df01f0a8f38596
282f8d70a424c74021fc31d201c4b8e2e859cfb5,4e9ec92a90c5d571d2f1d496f8df01f0a8f38596
aefb2340261a7cb67fef8b703fb7c51fbae75506,4e9ec92a90c5d571d2f1d496f8df01f0a8f38596
9955cb4c753fa40e292117c7fe9737a0d38dea9e,4e9ec92a90c5d571d2f1d496f8df01f0a8f38596
14d20ce24f8da7b0776e5da303566f000c308a88,4e9ec92a90c5d571d2f1d496f8df01f0a8f38596
d3f52679d09cd832e341a54b762efb3a8914e5c9,4e9ec92a90c5d571d2f1d496f8df01f0a8f38596
afffc39d8597519b301089232e183ff45f4e1413,4e9ec92a90c5d571d2f1d496f8df01f0a8f38596
cd9d5a2f141663cddf7f168dcd5bb3ec0f42bde0,4e9ec92a90c5d571d2f1d496f8df01f0a8f38596
271d5ed2570abc143a7528211349e8d099d04cdd,4e9ec92a90c5d571d2f1d496f8df01f0a8f38596
dcadb9d1e10affa34b118ff6c8df1a5a7e65b542,4e9ec92a90c5d571d2f1d496f8df01f0a8f38596
492e556266666b42323c9557e8c4878155c4a834,4e9ec92a90c5d571d2f1d496f8df01f0a8f38596
9bf2c47892981894f81719230fdc102e8bdd4cdf,4e9ec92a90c5d571d2f1d496f8df01f0a8f38596
12e912835187e1df8e6fb638968e4c9a9da89e3b,4e9ec92a90c5d571d2f1d496f8df01f0a8f38596
1694de578e66d6d51e0dc89c6aa3ccb534063052,4e9ec92a90c5d571d2f1d496f8df01f0a8f38596
da84ebfc8800e367664f80ced67658534d197798,4e9ec92a90c5d571d2f1d496f8df01f0a8f38596
11a8efedc20c217cb14ec4b3ec38408499e41b78,4e9ec92a90c5d571d2f1d496f8df01f0a8f38596
8181840f7ec1f9175c8b02b0458fcac3d7065524,4e9ec92a90c5d571d2f1d496f8df01f0a8f38596
ca1c9970d248a2c14b430368a78158ce53a72b9a,4e9ec92a90c5d571d2f1d496f8df01f0a8f38596
3420edb8746ecde60a88ed410bec05124ceea521,4e9ec92a90c5d571d2f1d496f8df01f0a8f38596
ae2c69913f70577d8911be42352ce62337c5f0a0,4e9ec92a90c5d571d2f1d496f8df01f0a8f38596
081e29c2d903b85c437c9c8086624d087be6ce3b,4e9ec92a90c5d571d2f1d496f8df01f0a8f38596
096f14d5d3b444f06a1ea5e0baa898ba78bde095,4e9ec92a90c5d571d2f1d496f8df01f0a8f38596
53d950a87d9d603a764d6663f642caad52375902,4e9ec92a90c5d571d2f1d496f8df01f0a8f38596
4c82015efd302968d053c6c9301af8067c4e1626,4e9ec92a90c5d571d2f1d496f8df01f0a8f38596
472ad13cb7b0cfb1314fc7f3391c76cad724f411,4e9ec92a90c5d571d2f1d496f8df01f0a8f38596
0b38d4fa86b0d86a0a49dbcab8a6d277c15fabd8,4e9ec92a90c5d571d2f1d496f8df01f0a8f38596
13e02b2bdb29d99ef862ae6a6ffc5f010230af48,4e9ec92a90c5d571d2f1d496f8df01f0a8f38596
8a5ab42b9305e77609febcf87cb5da805564c138,4e9ec92a90c5d571d2f1d496f8df01f0a8f38596
3d9254900ba3d5c1a7e338a134f88f4202677f5d,4e9ec92a90c5d571d2f1d496f8df01f0a8f38596
fc93b6c6e755bf6fa037f7550b01625724ac2871,4e9ec92a90c5d571d2f1d496f8df01f0a8f38596
94f0b52fd6d31ece54d70694144bda66f97b568d,4e9ec92a90c5d571d2f1d496f8df01f0a8f38596
4274d01d4cec54265b2f4562a1e77b008751467e,4e9ec92a90c5d571d2f1d496f8df01f0a8f38596
e4fef2e68858acf7f69806266d31b8b73a86ae64,4e9ec92a90c5d571d2f1d496f8df01f0a8f38596
ae82dab6dbe16acb8c4bfc4317580861790e887d,4e9ec92a90c5d571d2f1d496f8df01f0a8f38596
34ec7a2f53b106f3817eaecc7ec64f859902cfa8,4e9ec92a90c5d571d2f1d496f8df01f0a8f38596
c8015f197cf4ce8585b965648d819b2f212287a8,4e9ec92a90c5d571d2f1d496f8df01f0a8f38596
1aebe769e411d2236672fa0c335ba7e491daa0db,4e9ec92a90c5d571d2f1d496f8df01f0a8f38596
680d0eb3ccd0bd4d61ef38e4f0d2c1a2416cbd01,4e9ec92a90c5d571d2f1d496f8df01f0a8f38596
bce96a82dc54df697b61716e6db27edba6b35782,4e9ec92a90c5d571d2f1d496f8df01f0a8f38596
aba65349ed000856c4ae9c20501e5f06f0c3455c,4e9ec92a90c5d571d2f1d496f8df01f0a8f38596
16b2e3e59313ef076e0928a26da1bc5d805b7d78,4e9ec92a90c5d571d2f1d496f8df01f0a8f38596
63826006bfbf6353f4f66be077084edfb91f142d,4e9ec92a90c5d571d2f1d496f8df01f0a8f38596
11e6a1053cb74f66b8b1415f73b76738cefd2a23,4e9ec92a90c5d571d2f1d496f8df01f0a8f38596
a470473a7348c51293ff19ddcba49fea179585e9,4e9ec92a90c5d571d2f1d496f8df01f0a8f38596
d81d8e9f97cac1d765219151f70aeba85fba8bac,4e9ec92a90c5d571d2f1d496f8df01f0a8f38596
18286064fa1385f9d675169611b5b3cf18d789c4,4e9ec92a90c5d571d2f1d496f8df01f0a8f38596
25ecd069cf28f83a933396ce296fd3bd9b6efc53,4e9ec92a90c5d571d2f1d496f8df01f0a8f38596
8ad803279002c6ff5056218e1524a1d1581d0edc,4e9ec92a90c5d571d2f1d496f8df01f0a8f38596
2f164559c6980e5e62c0954b757d219dab63d58d,4e9ec92a90c5d571d2f1d496f8df01f0a8f38596
f09c39e6e232c38f41aa03831a0521398a48046e,4e9ec92a90c5d571d2f1d496f8df01f0a8f38596
f16453ee0aae1b607a7fa6ac5695d20fb0d8d879,4e9ec92a90c5d571d2f1d496f8df01f0a8f38596
4ca113b99f8a8480ead5c29c0e7839fd946f6a11,4e9ec92a90c5d571d2f1d496f8df01f0a8f38596
71de6dba353a8c7164bd548ba36de9f83a8b23ba,4e9ec92a90c5d571d2f1d496f8df01f0a8f38596
1ede8623931ae4744c37388600ba8f2b69383e8e,4e9ec92a90c5d571d2f1d496f8df01f0a8f38596
d17337fa69bd092358e2a7411d0875530d762029,4e9ec92a90c5d571d2f1d496f8df01f0a8f38596
0c64a481bb61a2864643421629eb1ddadefd53f2,4e9ec92a90c5d571d2f1d496f8df01f0a8f38596
15a6acc493d23a8659e2e07e24faa84c1b0832e2,4e9ec92a90c5d571d2f1d496f8df01f0a8f38596
4cb613fd3d97a6c085f6ec80ccd2aa3a0b51ea3d,4e9ec92a90c5d571d2f1d496f8df01f0a8f38596
1b7122d63e00828661f6c60f11d0dbe361814554,4e9ec92a90c5d571d2f1d496f8df01f0a8f38596
e0415ab05d0f8053f94fd9bc0ce35afe55b8b1c1,4e9ec92a90c5d571d2f1d496f8df01f0a8f38596
7f5ca886e805b939bebaeb02e9ba789afac1e824,4e9ec92a90c5d571d2f1d496f8df01f0a8f38596
d907a81ec0f51dcaf8a4377c46af6b9399b1471b,4e9ec92a90c5d571d2f1d496f8df01f0a8f38596
4f86ce6390d934d2a3a636cfc573cd16702414c8,4e9ec92a90c5d571d2f1d496f8df01f0a8f38596
2882a8804e38cb2837537c0b46151e7a2f41830a,4e9ec92a90c5d571d2f1d496f8df01f0a8f38596
b5152c8a6168f60a92bced49d4010f42c93ee41c,4e9ec92a90c5d571d2f1d496f8df01f0a8f38596
05c5961b9c1e91237bc046c5503cf58d01e1410e,4e9ec92a90c5d571d2f1d496f8df01f0a8f38596
7afd864c3381df0f54fecbfcb0cac24be05db5d5,4e9ec92a90c5d571d2f1d496f8df01f0a8f38596
b47167188984aeb7c8d4aab28ee1d2405d2267a5,4e9ec92a90c5d571d2f1d496f8df01f0a8f38596
49938184d4983b275281106e2f0dc27210cde713,4e9ec92a90c5d571d2f1d496f8df01f0a8f38596
0f3d59fdd27703ffc07ffd6a3f11e046ffcdeec3,4e9ec92a90c5d571d2f1d496f8df01f0a8f38596
312b2b533b57e717c32d2c15e1c5795bc801b437,4e9ec92a90c5d571d2f1d496f8df01f0a8f38596
b20363632c1518a607a5ab6e8250868b4c015dbb,4e9ec92a90c5d571d2f1d496f8df01f0a8f38596
74b662539925eaa0d3fbfc81dc94281e778117bb,4e9ec92a90c5d571d2f1d496f8df01f0a8f38596
1e5fdce36cd61805a1a7148e902b5c390e665601,4e9ec92a90c5d571d2f1d496f8df01f0a8f38596
de66350ac21fb208ce8f0ae8b46683b95cee360c,4e9ec92a90c5d571d2f1d496f8df01f0a8f38596
b5716b007d83c261bc6f5806ab64c15916462243,4e9ec92a90c5d571d2f1d496f8df01f0a8f38596
3418a2fd2b555d8948d4f433355b7203a8424983,4e9ec92a90c5d571d2f1d496f8df01f0a8f38596
45f7c4d56c0987877ca109d209b9d58ec6b7f718,4e9ec92a90c5d571d2f1d496f8df01f0a8f38596
70eb12c1e1cc558475bdb205963292beb644a10d,4e9ec92a90c5d571d2f1d496f8df01f0a8f38596
5f2a4c74aa1be773db436b0207122a92f890a0dc,4e9ec92a90c5d571d2f1d496f8df01f0a8f38596
a97c81ad5bca3ae01d24589d198bbe1790912885,4e9ec92a90c5d571d2f1d496f8df01f0a8f38596
db285807ed06da3f34c3c0689b9bee2c2b1a4ef5,4e9ec92a90c5d571d2f1d496f8df01f0a8f38596
aac9547f13cd609e6b1e55b219dfbed9756ab13a,4e9ec92a90c5d571d2f1d496f8df01f0a8f38596
9181df5bcfcd2553d4c68ccd40260f2d6dd94032,4e9ec92a90c5d571d2f1d496f8df01f0a8f38596
d35f8f066a9b9cf258e365288e8deb7a0f5e0af7,4e9ec92a90c5d571d2f1d496f8df01f0a8f38596
e0508136ed9966617995ce88b5ee65d235baa362,4e9ec92a90c5d571d2f1d496f8df01f0a8f38596
7bdc0f73c1198359ce3a789037f097fd3a937f24,4e9ec92a90c5d571d2f1d496f8df01f0a8f38596
ada6768fb74ce4313600937eb4230ff1a0026e27,4e9ec92a90c5d571d2f1d496f8df01f0a8f38596
052cb4177cc13b8ecc77731ef3c2bfff78be175d,4e9ec92a90c5d571d2f1d496f8df01f0a8f38596
49a7318322903059e9e0c044f0b05b9be8ce3166,4e9ec92a90c5d571d2f1d496f8df01f0a8f38596
8eec7d7c31fadec1bb9e53d15f96847091994d52,4e9ec92a90c5d571d2f1d496f8df01f0a8f38596
c271afa2d89721df1e8e41e374e2e6fcf47cacd2,4e9ec92a90c5d571d2f1d496f8df01f0a8f38596
6966a4e638abfdc7fb45f2c8f3e5093b71a6e029,4e9ec92a90c5d571d2f1d496f8df01f0a8f38596
7bdb44e23143adf46397ee58aefd267c2223bb7f,4e9ec92a90c5d571d2f1d496f8df01f0a8f38596
4b6cce406dcaebce05beb5717755687518784706,4e9ec92a90c5d571d2f1d496f8df01f0a8f38596
ceaec6992ae8f36068d21533baea75dd318f5c82,4e9ec92a90c5d571d2f1d496f8df01f0a8f38596
81a37e30b4cc002e549af808a0afac3926cf1170,4e9ec92a90c5d571d2f1d496f8df01f0a8f38596
8c7f168e2eca54b4509bb8c5696b68530d9e8d0b,4e9ec92a90c5d571d2f1d496f8df01f0a8f38596
032eb3043470d1b80d7cc516653dfbef9ee3b494,4e9ec92a90c5d571d2f1d496f8df01f0a8f38596
bc5e57f660ed57cce8d14873766c0f2590ff5ad8,4e9ec92a90c5d571d2f1d496f8df01f0a8f38596
501061dc8319a612afdf79327cef8b42f8644ff3,4e9ec92a90c5d571d2f1d496f8df01f0a8f38596
ac73676f5ffb6310e6b019ca840b9a2d95821375,4e9ec92a90c5d571d2f1d496f8df01f0a8f38596
87bd06f2033c54978f974ac46a31cf929e4fa9be,4e9ec92a90c5d571d2f1d496f8df01f0a8f38596
52266c7eb61ff83bd2fcb6208a64fd67c7cbb669,4e9ec92a90c5d571d2f1d496f8df01f0a8f38596
38444def9dbd911405f558aa5b85a25e6a4c2a4b,4e9ec92a90c5d571d2f1d496f8df01f0a8f38596
e38ed267cb51e6c6cdcc467f6f03d09da6ad64d3,4e9ec92a90c5d571d2f1d496f8df01f0a8f38596
1374368f02bec0a866e6a6167d8db89d6f42a3af,4e9ec92a90c5d571d2f1d496f8df01f0a8f38596
07504cda4493a4ab6d8964f9f7addaecc22d9e6f,4e9ec92a90c5d571d2f1d496f8df01f0a8f38596
9186697c3bf2705e2c9fb8079bc75b3ba8b38c9a,4e9ec92a90c5d571d2f1d496f8df01f0a8f38596
124ce91f11c9926b9f5854030ed92a83738db13d,4e9ec92a90c5d571d2f1d496f8df01f0a8f38596
7d031bc1ca2a8baf806041db09622c31c08d7fd9,4e9ec92a90c5d571d2f1d496f8df01f0a8f38596
0c58eeb91829a030f59b1c1231bc4a561af4a1e8,4e9ec92a90c5d571d2f1d496f8df01f0a8f38596
2924a91841b4f1866b07e3d24bd486cce8f4a7f2,4e9ec92a90c5d571d2f1d496f8df01f0a8f38596
76b3bf7196532fcd4110df2f3f63922d2180bc5e,4e9ec92a90c5d571d2f1d496f8df01f0a8f38596
b58b9adf61100242026fd81b6f782b180e4df9f5,4e9ec92a90c5d571d2f1d496f8df01f0a8f38596
d48b798967162aa23efdd0dc4e28b1cc25a92580,4e9ec92a90c5d571d2f1d496f8df01f0a8f38596
83963a8e80b15e3b9d878e5d91debeaeba782d60,4e9ec92a90c5d571d2f1d496f8df01f0a8f38596
cee3db7dda69326d6b522683cb27ebcd25be0cfc,4e9ec92a90c5d571d2f1d496f8df01f0a8f38596
9df1ddc8689ac7296dcc954d6b4b2ba2238b757c,4e9ec92a90c5d571d2f1d496f8df01f0a8f38596
35fefc8eb03ad7fc6d25c704a9ede070a7c57ced,4e9ec92a90c5d571d2f1d496f8df01f0a8f38596
2790753c43ad730343f185dc92310b8f6614738c,4e9ec92a90c5d571d2f1d496f8df01f0a8f38596
fa913ae08afc97b8a8af80a05b2362a24e4736ba,4e9ec92a90c5d571d2f1d496f8df01f0a8f38596
e7cccbf8b8c29b0fd3b4ee9cb1a48efca2a5147f,4e9ec92a90c5d571d2f1d496f8df01f0a8f38596
edbc0a5748f62e743e7bbf455a0d9a975b8432f7,4e9ec92a90c5d571d2f1d496f8df01f0a8f38596
724e5128ed50661b73e615b6dadcd6e7bca07715,4e9ec92a90c5d571d2f1d496f8df01f0a8f38596
ae8e0cca0fffad2b912a45402c323259e8de81fe,4e9ec92a90c5d571d2f1d496f8df01f0a8f38596
b28216301bba3bc27597192d9584063f0fdafc07,4e9ec92a90c5d571d2f1d496f8df01f0a8f38596
fd884cef0c2c82e7c7ef079fba6d111f9bec2af0,4e9ec92a90c5d571d2f1d496f8df01f0a8f38596
d914aff519cff0981823ef14a93691fc8fe5eb00,4e9ec92a90c5d571d2f1d496f8df01f0a8f38596
03a32ae0febd4ef5e0698d62f177f55b50c53843,4e9ec92a90c5d571d2f1d496f8df01f0a8f38596
256fd8850652e3b94e2ba768345b1347eec42e4b,4e9ec92a90c5d571d2f1d496f8df01f0a8f38596
ca1c562403877f54aa8ad5a45c3bd1254c1b68b8,4e9ec92a90c5d571d2f1d496f8df01f0a8f38596
f07970d4d56ec93c20863043f136d35b8c7612d4,4e9ec92a90c5d571d2f1d496f8df01f0a8f38596
250e1d8d2319744161b853d5453131d6bc28bace,4e9ec92a90c5d571d2f1d496f8df01f0a8f38596
73261d469aedee9430c7ccf7fb262fc574a36869,4e9ec92a90c5d571d2f1d496f8df01f0a8f38596
f037de2e07a8e26c716d5b29fa47b8e3392fcf6a,4e9ec92a90c5d571d2f1d496f8df01f0a8f38596
66910b560b2070f6caae6b9640e9cdd96a95dd63,4e9ec92a90c5d571d2f1d496f8df01f0a8f38596
21b97ff10fa97ba045674b21431fd80914dddfd7,4e9ec92a90c5d571d2f1d496f8df01f0a8f38596
24e0f72e8f7642b10fd50f8cd931f780fcfe4daa,4e9ec92a90c5d571d2f1d496f8df01f0a8f38596
e1599c13f30f783ca00421353d0ce5ee3f694336,4e9ec92a90c5d571d2f1d496f8df01f0a8f38596
859887741a01b35fabb67912020eb2e7f890d8fc,4e9ec92a90c5d571d2f1d496f8df01f0a8f38596
ef8ff0848b30d6b9b06056e34221e6dc1de44dbb,4e9ec92a90c5d571d2f1d496f8df01f0a8f38596
c8b0fd9eef81cdbe8750e0bf24a68eeb2cf531ba,4e9ec92a90c5d571d2f1d496f8df01f0a8f38596
d1b29fc0c497a90d564096cd8316e962ae47de77,4e9ec92a90c5d571d2f1d496f8df01f0a8f38596
e173599d0872f4e1ba8c6029e6b969745e722d77,4e9ec92a90c5d571d2f1d496f8df01f0a8f38596
be1a50dfbb93c059dfe5aabe69af531cf5e7e00c,4e9ec92a90c5d571d2f1d496f8df01f0a8f38596
b2abb9861f3200fef5255295944f1ab39cfb9fac,4e9ec92a90c5d571d2f1d496f8df01f0a8f38596
1d9671c3e7b5c87ed550ef41cf07eb0c6af26c57,4e9ec92a90c5d571d2f1d496f8df01f0a8f38596
720afbc6fc694128af7c9c62535164d16aa0e121,4e9ec92a90c5d571d2f1d496f8df01f0a8f38596
f588952623809d3af9072b57b7043c64804c0774,4e9ec92a90c5d571d2f1d496f8df01f0a8f38596
ae5de5071c1e050654b5207bd3ba493a8b4b73c1,4e9ec92a90c5d571d2f1d496f8df01f0a8f38596
3397b1190dd2e60790aee19c39329f72ca703ef2,4e9ec92a90c5d571d2f1d496f8df01f0a8f38596
d2400020d1203ec5b4234742b8ad23837abacd4f,4e9ec92a90c5d571d2f1d496f8df01f0a8f38596
7e5d354911e058274308d846b4a20154a2dbb471,4e9ec92a90c5d571d2f1d496f8df01f0a8f38596
d516011d2fafd665c01b5c46c41970f795ff1204,4e9ec92a90c5d571d2f1d496f8df01f0a8f38596
3fd4a9a6adf0f72e3fad3fee59762a6643b02325,4e9ec92a90c5d571d2f1d496f8df01f0a8f38596
9b4645033a4cbc3a8622dc6e440e4af13387495c,4e9ec92a90c5d571d2f1d496f8df01f0a8f38596
73eddd1b3ad0d0dbb1118cec4e17f18a46b89da2,4e9ec92a90c5d571d2f1d496f8df01f0a8f38596
6f64224587ef03e9423fa0bdb716148bb389beeb,4e9ec92a90c5d571d2f1d496f8df01f0a8f38596
f065659808106ac9fc044d4c24df0ba39af016ec,4e9ec92a90c5d571d2f1d496f8df01f0a8f38596
4968f28229dc464c51dad23d9ff2ab861fe92526,4e9ec92a90c5d571d2f1d496f8df01f0a8f38596
db9e10357dfd31981ae5f032642dba162371ef56,4e9ec92a90c5d571d2f1d496f8df01f0a8f38596
c6228defb0264cccbf415d7b17314bd39a12a50d,4e9ec92a90c5d571d2f1d496f8df01f0a8f38596
1d3a00240325ec92edf74992db9e2a7a450fd93b,4e9ec92a90c5d571d2f1d496f8df01f0a8f38596
b2a3869826486de888b4977551aea6b38921da98,4e9ec92a90c5d571d2f1d496f8df01f0a8f38596
7686ba3044b2f01e3ca7efb29a7963955e1c52c6,4e9ec92a90c5d571d2f1d496f8df01f0a8f38596
