source,target
8c3decc04dd00c9d427dd99e8049a1e934895077,241aa9c1c9da5f5e3799ba7c6f5e868a9f131baf
7c89208eec53b671974a05cf91d9d3ce7eb9e0f5,241aa9c1c9da5f5e3799ba7c6f5e868a9f131baf
55fcca0583f473676aa1957be2bf83f5700c7ea4,241aa9c1c9da5f5e3799ba7c6f5e868a9f131baf
e15ff3f73330ca44dd323cdf484bdd38fb99cfb3,241aa9c1c9da5f5e3799ba7c6f5e868a9f131baf
5c403a4fc3a6d711511b52fefb3d93f3437b24e3,241aa9c1c9da5f5e3799ba7c6f5e868a9f131baf
0e472a7397068ea09c586ff250f657c74df8f233,241aa9c1c9da5f5e3799ba7c6f5e868a9f131baf
2e0c222a47f4e97d2cac386bb9620b89ce257614,241aa9c1c9da5f5e3799ba7c6f5e868a9f131baf
8c8da55bb2b1187c731630faab002b6047a46db8,241aa9c1c9da5f5e3799ba7c6f5e868a9f131baf
0bd3256974d3cc547c58408331edb0d8cafae88b,241aa9c1c9da5f5e3799ba7c6f5e868a9f131baf
35a336b5851addf89e94a7fb377acdd228046ba3,241aa9c1c9da5f5e3799ba7c6f5e868a9f131baf
59f9a1bdaf51bd7e7de7bbee5144fc40cfff23f7,241aa9c1c9da5f5e3799ba7c6f5e868a9f131baf
aae369697b10bd7eb2e9c21a8c1911a4359707f0,241aa9c1c9da5f5e3799ba7c6f5e868a9f131baf
3ed91aae1038b8b0130fb3974060a50b10de1345,241aa9c1c9da5f5e3799ba7c6f5e868a9f131baf
1334e3b23bc960d60b613df4812c8d8bce495d9b,241aa9c1c9da5f5e3799ba7c6f5e868a9f131baf
12d030681091a13cc85ac998e566efb847690257,241aa9c1c9da5f5e3799ba7c6f5e868a9f131baf
c04858d173a19ac9dc24bf9e2f101c5a7db91eb9,241aa9c1c9da5f5e3799ba7c6f5e868a9f131baf
314583d957cc0209766a8c92a61b26d665c1cdb5,241aa9c1c9da5f5e3799ba7c6f5e868a9f131baf
cb1c45db5fda9e099efbcb71e510021c3de715ed,241aa9c1c9da5f5e3799ba7c6f5e868a9f131baf
3ec7cc7346217939711e2a586563d21da4a37752,241aa9c1c9da5f5e3799ba7c6f5e868a9f131baf
9b767d3a3907125504e0c733074ed8d410d37995,241aa9c1c9da5f5e3799ba7c6f5e868a9f131baf
f66099a9427c334ddd272f9b68d0ed13d74646f3,241aa9c1c9da5f5e3799ba7c6f5e868a9f131baf
ec7e78ebaef493991d00d82fc6a8c80545943f0c,241aa9c1c9da5f5e3799ba7c6f5e868a9f131baf
ebd0abdcae4d0580aa2ae4de7905e59349b9071a,241aa9c1c9da5f5e3799ba7c6f5e868a9f131baf
745793c98bb5d0bcf03853f72739f7950ce860a0,241aa9c1c9da5f5e3799ba7c6f5e868a9f131baf
f27849d4263f71c60de4d910d7eeee0e0ee0a559,241aa9c1c9da5f5e3799ba7c6f5e868a9f131baf
c737c74a2107580e0f1b9f7a8785a87386a7d29c,241aa9c1c9da5f5e3799ba7c6f5e868a9f131baf
cb005334169d951aeead58280c0d82690f51fd1f,241aa9c1c9da5f5e3799ba7c6f5e868a9f131baf
0a1c9b90de3bea5f169acbee0dece4f796a6ea74,241aa9c1c9da5f5e3799ba7c6f5e868a9f131baf
631867a1dd419103dc6cc903ef25cbc4b8dce056,241aa9c1c9da5f5e3799ba7c6f5e868a9f131baf
44a4722720e5a188cbb99a8dc0895cfd26b32571,241aa9c1c9da5f5e3799ba7c6f5e868a9f131baf
9609603ee72bb6882d87603540c50fd4d420c6ad,241aa9c1c9da5f5e3799ba7c6f5e868a9f131baf
ef92abe0545fb7afa4c0b761bd58cca64646e534,241aa9c1c9da5f5e3799ba7c6f5e868a9f131baf
c500642ba70ab42240f813b66e42636ec42c39c0,241aa9c1c9da5f5e3799ba7c6f5e868a9f131baf
2725eaeb9b14bc490765f0720ab120a456150cf1,241aa9c1c9da5f5e3799ba7c6f5e868a9f131baf
d2594c50aac9a13dc2dbc7f4ca443b727f6dbc30,241aa9c1c9da5f5e3799ba7c6f5e868a9f131baf
11aece49d0000ce5d9c9f2ee9e1e2c3237f731b9,241aa9c1c9da5f5e3799ba7c6f5e868a9f131baf
4009d7eaf66b8412d4c92d43dd23a97d767802f8,241aa9c1c9da5f5e3799ba7c6f5e868a9f131baf
612acc1d570b94b675cb3682a76c067fed388d6b,241aa9c1c9da5f5e3799ba7c6f5e868a9f131baf
3d37e890851e5b06a8d9e0dfc8949895347aef00,241aa9c1c9da5f5e3799ba7c6f5e868a9f131baf
2b1c915025dd761d1041c4bc01a155f6b1d4e8f7,241aa9c1c9da5f5e3799ba7c6f5e868a9f131baf
a44390e4ee404e95b3489a54801daa40107e4800,241aa9c1c9da5f5e3799ba7c6f5e868a9f131baf
acada88d13e8e3f7d1e10c9d3c06ef4dbe248442,241aa9c1c9da5f5e3799ba7c6f5e868a9f131baf
473cdb1e770cc714c1fa5aed7ce243d7fb3ed6bf,241aa9c1c9da5f5e3799ba7c6f5e868a9f131baf
7ca4823dc4f4bb6913e4eebcb8be06ba884783d4,241aa9c1c9da5f5e3799ba7c6f5e868a9f131baf
bc0f522aa0e225a2bc83ba46c4fd7570c9b51cd6,241aa9c1c9da5f5e3799ba7c6f5e868a9f131baf
3285d29b3551d013fff52fd29d94978cbaf97cb5,241aa9c1c9da5f5e3799ba7c6f5e868a9f131baf
50095322285be80712126d8343337b48cca54120,241aa9c1c9da5f5e3799ba7c6f5e868a9f131baf
9cf801d34863173dec24fc5122e98dee13c44f63,241aa9c1c9da5f5e3799ba7c6f5e868a9f131baf
b300b66ca366fffec009f336d8c93bcdd528be54,241aa9c1c9da5f5e3799ba7c6f5e868a9f131baf
2374a65e335b26c2ae9692b6c2f1408401d86f5b,241aa9c1c9da5f5e3799ba7c6f5e868a9f131baf
f1adcb02b79565ef21da0452f46a8cb1512bf918,241aa9c1c9da5f5e3799ba7c6f5e868a9f131baf
379ed2af2b2eea29a3bce36640481fa5d40060dd,241aa9c1c9da5f5e3799ba7c6f5e868a9f131baf
7698a0166d7f2679d76c16bfb57e29ce3d9d4775,241aa9c1c9da5f5e3799ba7c6f5e868a9f131baf
c8f9ef35306c2d12fe122914a9ee4682ca3afd21,241aa9c1c9da5f5e3799ba7c6f5e868a9f131baf
003a2c7a0f0561c4f589de463745a81fb3aefa32,241aa9c1c9da5f5e3799ba7c6f5e868a9f131baf
706c50f30caf2758f071e93ccca082949fb91abe,241aa9c1c9da5f5e3799ba7c6f5e868a9f131baf
611bc431010ef8ec43bbdf211cbc8a16dfc055ce,241aa9c1c9da5f5e3799ba7c6f5e868a9f131baf
08024ea0650f3cfb4c4751e313e89aa0b8e53376,241aa9c1c9da5f5e3799ba7c6f5e868a9f131baf
c563cf6f1861fe237194af126422fe96ce1a4af7,241aa9c1c9da5f5e3799ba7c6f5e868a9f131baf
eec87e5e8ccde4567b91392ee7cb56cbff477f15,241aa9c1c9da5f5e3799ba7c6f5e868a9f131baf
786c626f7127743d3a42ffe8c1fdc717957fc37f,241aa9c1c9da5f5e3799ba7c6f5e868a9f131baf
de993da171a0aa145e2136d44421178993ee5e77,241aa9c1c9da5f5e3799ba7c6f5e868a9f131baf
5fa871fffe458155bc812999617242ac1144b528,241aa9c1c9da5f5e3799ba7c6f5e868a9f131baf
d76ef3f1b77742b522c77652aae59df87a350f3b,241aa9c1c9da5f5e3799ba7c6f5e868a9f131baf
286d403c72411378515245ce0390994bb89073e9,241aa9c1c9da5f5e3799ba7c6f5e868a9f131baf
126284799409be22d8d90930a62c884430db1989,241aa9c1c9da5f5e3799ba7c6f5e868a9f131baf
d81d89a4cba0adc35de6259e356f1cbf4b16930a,241aa9c1c9da5f5e3799ba7c6f5e868a9f131baf
ace18f3d1d14db94dbdb074e9a6dae021f61b309,241aa9c1c9da5f5e3799ba7c6f5e868a9f131baf
779639494b1438b24b8db33bbe6940cd5c5cc4a7,241aa9c1c9da5f5e3799ba7c6f5e868a9f131baf
9c01e052dbaf6cf0f6373a033ba3d8a485c4bd00,241aa9c1c9da5f5e3799ba7c6f5e868a9f131baf
bf999295d820c60edc66808a89a77088498ea1bd,241aa9c1c9da5f5e3799ba7c6f5e868a9f131baf
0982122ead8d8ea11278b6fe8f1a88c81e651a67,241aa9c1c9da5f5e3799ba7c6f5e868a9f131baf
f7b0bc02415d05ed3bd73e12d2c980867a96bdc3,241aa9c1c9da5f5e3799ba7c6f5e868a9f131baf
713f01df3c9efcec9d321defec1484300b57dd4b,241aa9c1c9da5f5e3799ba7c6f5e868a9f131baf
32477a310913eb4a49973192d1701735f990bc12,241aa9c1c9da5f5e3799ba7c6f5e868a9f131baf
26e196474bb8a57da00fbbadff52f33cadf56a72,241aa9c1c9da5f5e3799ba7c6f5e868a9f131baf
909e360a593da0494f6cb66a767ec1ab6b90dd9e,241aa9c1c9da5f5e3799ba7c6f5e868a9f131baf
6d087a85f276bd75f9b441cf134daecab1825c9c,241aa9c1c9da5f5e3799ba7c6f5e868a9f131baf
6b2abbc008679c516ac635dee2e2efa7c82d0b74,241aa9c1c9da5f5e3799ba7c6f5e868a9f131baf
05a77e1c931ef2c38b52920d0d2acdca3cfdb6ae,241aa9c1c9da5f5e3799ba7c6f5e868a9f131baf
9d93fac38575d7bd99664521e64542a719c1ac3c,241aa9c1c9da5f5e3799ba7c6f5e868a9f131baf
3b246c6314f9096241b5a52412a9fa84d4d33180,241aa9c1c9da5f5e3799ba7c6f5e868a9f131baf
3a84f77aca1586620e938470a6acadc056aa965b,241aa9c1c9da5f5e3799ba7c6f5e868a9f131baf
3ec3fb18fc9f8d5ef31de45620c8bee1d9c1349a,241aa9c1c9da5f5e3799ba7c6f5e868a9f131baf
7ce30897a0437b049472ba3672dee608116d3944,241aa9c1c9da5f5e3799ba7c6f5e868a9f131baf
60a603f4e1486514c96380504e580ac7a2996e23,241aa9c1c9da5f5e3799ba7c6f5e868a9f131baf
fac566d1487dfbe246c64228ea78c12de10559d4,241aa9c1c9da5f5e3799ba7c6f5e868a9f131baf
984a9ddbb42be4f711ca0d548e06a5359c7bd830,241aa9c1c9da5f5e3799ba7c6f5e868a9f131baf
304b4a9a48a58cbea73109dd94fb8f8590e8fcf2,241aa9c1c9da5f5e3799ba7c6f5e868a9f131baf
66648c87481de69b7f8cfbad863e69987ad67988,241aa9c1c9da5f5e3799ba7c6f5e868a9f131baf
44299d4b5870105dd904ac58e822a7d6fe9a8d43,241aa9c1c9da5f5e3799ba7c6f5e868a9f131baf
e78e1f9e919f583f3ea85e45915842a674155079,241aa9c1c9da5f5e3799ba7c6f5e868a9f131baf
5216ea733e562541b33a7f97dab0de072b2e8827,241aa9c1c9da5f5e3799ba7c6f5e868a9f131baf
ad21bfc4e779e8b7e74318e31833e7d2d5e462cd,241aa9c1c9da5f5e3799ba7c6f5e868a9f131baf
154d226542cfadaea22687c4b1fa0f31f3811c9a,241aa9c1c9da5f5e3799ba7c6f5e868a9f131baf
82fc72e6a84577e91617571f7c515edef725a329,241aa9c1c9da5f5e3799ba7c6f5e868a9f131baf
c52576c0b402074030b1ed215b2b018203d1b5b3,241aa9c1c9da5f5e3799ba7c6f5e868a9f131baf
eafe8c37e1f9fe60318ae37c484104d82d66586b,241aa9c1c9da5f5e3799ba7c6f5e868a9f131baf
fd2aae3ed27636b18fcd10977513d578fd71cc84,241aa9c1c9da5f5e3799ba7c6f5e868a9f131baf
6b206c8177ba2231e7942a257add4712801ce1ab,241aa9c1c9da5f5e3799ba7c6f5e868a9f131baf
e19d7f0ee3ac77e03ec59eefdfbedb3087722c8f,241aa9c1c9da5f5e3799ba7c6f5e868a9f131baf
118f736fc6e4c7506df7f52d8fc83738552f82da,241aa9c1c9da5f5e3799ba7c6f5e868a9f131baf
d984c9ee65881e537636d69306772ae01a72fe5e,241aa9c1c9da5f5e3799ba7c6f5e868a9f131baf
2233c1bc887ce9070178e1761ce0eba0066b463e,241aa9c1c9da5f5e3799ba7c6f5e868a9f131baf
c1c1e90645a59d5ba95c783cd9bc65f2a9b3475a,241aa9c1c9da5f5e3799ba7c6f5e868a9f131baf
0b72632a7444047c127ea143b691ec1730f8d55d,241aa9c1c9da5f5e3799ba7c6f5e868a9f131baf
a9d45da99245c6fd72e288b8d476db47cb57892f,241aa9c1c9da5f5e3799ba7c6f5e868a9f131baf
d9688e04a8c81c26e7765f2c9a6de42f302e46a9,241aa9c1c9da5f5e3799ba7c6f5e868a9f131baf
c6c5e2bfb586eead4da90038ba3bcdb55e334a93,241aa9c1c9da5f5e3799ba7c6f5e868a9f131baf
5571f56c517c454d76515c849ae89c21a911b3f1,241aa9c1c9da5f5e3799ba7c6f5e868a9f131baf
548c7cb0ebae01513d5da518aed089a5c65d323a,241aa9c1c9da5f5e3799ba7c6f5e868a9f131baf
c8af158da08a6bf4ccae4995196a792a12e5cf8f,241aa9c1c9da5f5e3799ba7c6f5e868a9f131baf
7a11ba71288362af0561f4cb63149bac11f5b006,241aa9c1c9da5f5e3799ba7c6f5e868a9f131baf
2b5503f6a18e3f2e3d328f4aa8ede0de5fc2c839,241aa9c1c9da5f5e3799ba7c6f5e868a9f131baf
5a0a10c6bf25fbad8a1ebb5bfe0ab9522b1f6aee,241aa9c1c9da5f5e3799ba7c6f5e868a9f131baf
1cdaefe5d77a13d95df81e3a04880c1fd122d1b8,241aa9c1c9da5f5e3799ba7c6f5e868a9f131baf
9f2780600b2274bb442ae9a57b0c9c4aac2957bc,241aa9c1c9da5f5e3799ba7c6f5e868a9f131baf
6f4296ad36904b8501743b197680084b4681e0a8,241aa9c1c9da5f5e3799ba7c6f5e868a9f131baf
2852798353f86c0aedeb0488ee70f30875902ffe,241aa9c1c9da5f5e3799ba7c6f5e868a9f131baf
1eb2da956a1db86eb3b4816715b4e010c18f274f,241aa9c1c9da5f5e3799ba7c6f5e868a9f131baf
c88ed3b46bfecc90fd82b5d6304717856f57efa2,241aa9c1c9da5f5e3799ba7c6f5e868a9f131baf
85022ccec206edbd7531f68d4e73fd9a6809d130,241aa9c1c9da5f5e3799ba7c6f5e868a9f131baf
a02cc194194da0bc4189a78d74c824b750649326,241aa9c1c9da5f5e3799ba7c6f5e868a9f131baf
a6ce8c7cf69cbcd57dc986f6846f859f9f1a304c,241aa9c1c9da5f5e3799ba7c6f5e868a9f131baf
57a5f144fddf167a6cbee4acd02f119302f8e62c,241aa9c1c9da5f5e3799ba7c6f5e868a9f131baf
df43bc7b21f2b6bdcc6fb57d7b97fd70eeb60f21,241aa9c1c9da5f5e3799ba7c6f5e868a9f131baf
82ebea1680bd29d3b5d7f50c9eebe0c5cd366b59,241aa9c1c9da5f5e3799ba7c6f5e868a9f131baf
fd8351e1050a6f3605e39cbb77fb0925361a65c5,241aa9c1c9da5f5e3799ba7c6f5e868a9f131baf
a26393ebd30ff7f58898ba4693df02626c80765f,241aa9c1c9da5f5e3799ba7c6f5e868a9f131baf
c87d064653465ae3a16c35d15a80b36ad17e7a4b,241aa9c1c9da5f5e3799ba7c6f5e868a9f131baf
ead6cc211cb4ca10089872afef548269717d0765,241aa9c1c9da5f5e3799ba7c6f5e868a9f131baf
22be74678e78da07b9ea6ebbe7fc4887a778c5b8,241aa9c1c9da5f5e3799ba7c6f5e868a9f131baf
29087b29070559ddb2ac67bafa7879d94c82c048,241aa9c1c9da5f5e3799ba7c6f5e868a9f131baf
c1327eedd521f9d54c25b1cd217324138afdb571,241aa9c1c9da5f5e3799ba7c6f5e868a9f131baf
64e423309ff676467d2f84cb983669702d31110f,241aa9c1c9da5f5e3799ba7c6f5e868a9f131baf
dcca6794546d7ec7c3349cea7e74639bc2b9e8c6,241aa9c1c9da5f5e3799ba7c6f5e868a9f131baf
756dbec678bd66dee7f3661afd5f289a9ea64289,241aa9c1c9da5f5e3799ba7c6f5e868a9f131baf
d7a2dfde530ae3ea927d8de4ad3b13426e4a4a2e,241aa9c1c9da5f5e3799ba7c6f5e868a9f131baf
2c0d8a0003d56592e685d5a943e5aee9c95c7e28,241aa9c1c9da5f5e3799ba7c6f5e868a9f131baf
3b4042132bbb19769bcb3e522e80b14c80fa3fbf,241aa9c1c9da5f5e3799ba7c6f5e868a9f131baf
32254599814e68ed7f022a33d7519148055c1063,241aa9c1c9da5f5e3799ba7c6f5e868a9f131baf
bc4ad3176ce94f3d15c0ab54a9d51e566e7bef4d,241aa9c1c9da5f5e3799ba7c6f5e868a9f131baf
d63c2b2563e45a8fd1635ebaaddcba4dbba3132d,241aa9c1c9da5f5e3799ba7c6f5e868a9f131baf
4de7db0df6de3b5703514ccf9dfd1445298b7587,241aa9c1c9da5f5e3799ba7c6f5e868a9f131baf
41d16346fd8ed59e2031804413eb20e19716a504,241aa9c1c9da5f5e3799ba7c6f5e868a9f131baf
6de8c86d41ddf0e5c28f016b8ca473dc5daef2e4,241aa9c1c9da5f5e3799ba7c6f5e868a9f131baf
fe1bc901e53dfc22c640f02abe1bfff5329734fd,241aa9c1c9da5f5e3799ba7c6f5e868a9f131baf
1887a14a1b1d9f32c7b4d6f8d25d2417b66e1627,241aa9c1c9da5f5e3799ba7c6f5e868a9f131baf
4f8483c6b0f17718c7fd194b1589290049809284,241aa9c1c9da5f5e3799ba7c6f5e868a9f131baf
5f0a9f74f226b1e371005bba3e65b1092624fda5,241aa9c1c9da5f5e3799ba7c6f5e868a9f131baf
4305d85acb229632637817cb12e5ad77ded8088e,241aa9c1c9da5f5e3799ba7c6f5e868a9f131baf
2860466330addd7071c08425de8283d502647ad5,241aa9c1c9da5f5e3799ba7c6f5e868a9f131baf
a4bc4d98d537b2470bb94bd4681341737efd50a5,241aa9c1c9da5f5e3799ba7c6f5e868a9f131baf
f64253fcad5eeb3b6d27355bfa766051553e6e9c,241aa9c1c9da5f5e3799ba7c6f5e868a9f131baf
0301fa9d3928638c37d183c5538f776a40b37dda,241aa9c1c9da5f5e3799ba7c6f5e868a9f131baf
1376cdac34487ba83407e699a40269c228c26898,241aa9c1c9da5f5e3799ba7c6f5e868a9f131baf
85cf0c9d2b44e34c7147555fb08e0d00e868f05a,241aa9c1c9da5f5e3799ba7c6f5e868a9f131baf
7829e6a36d3458c811c84094497becdbe86b9e9f,241aa9c1c9da5f5e3799ba7c6f5e868a9f131baf
ce430b9ff432585bc8639b6715b148be39af063f,241aa9c1c9da5f5e3799ba7c6f5e868a9f131baf
ad4c801804d6c4e9ede0ed43576fcb89e108563a,241aa9c1c9da5f5e3799ba7c6f5e868a9f131baf
49ec1b5b8ddf3500001453d05b22f2d96dd9e6a0,241aa9c1c9da5f5e3799ba7c6f5e868a9f131baf
2ab3f654b2068b26166a20cc83f3555556b71594,241aa9c1c9da5f5e3799ba7c6f5e868a9f131baf
267dfb43d548003800a374f1ed3d688bb516cde3,241aa9c1c9da5f5e3799ba7c6f5e868a9f131baf
35e0185a5cf066dadb25f1ae3209184fe6ebf2dc,241aa9c1c9da5f5e3799ba7c6f5e868a9f131baf
c147b12140e6078b5ecb666da943a37d5351a9d0,241aa9c1c9da5f5e3799ba7c6f5e868a9f131baf
e6d9ff95c898a25d30027147ac236ab9787e328c,241aa9c1c9da5f5e3799ba7c6f5e868a9f131baf
bcd873345f5af5c42577f5d2b9d955969ac5aec1,241aa9c1c9da5f5e3799ba7c6f5e868a9f131baf
c1e0e707116f014b99dfbd71beac268eaf70ff3f,241aa9c1c9da5f5e3799ba7c6f5e868a9f131baf
44d57654b22aa5400dc35715d9e73611804a4333,241aa9c1c9da5f5e3799ba7c6f5e868a9f131baf
4fe73532eef3d319788f0c9e9c987246f90dafd3,241aa9c1c9da5f5e3799ba7c6f5e868a9f131baf
0316416aed927704b18882d4e84650660e669f46,241aa9c1c9da5f5e3799ba7c6f5e868a9f131baf
9211e40751af25c4a02e990093c9c9ddcc6a74d9,241aa9c1c9da5f5e3799ba7c6f5e868a9f131baf
2792d5d43a2c14916c4f40b78d833e3b4f8c7db3,241aa9c1c9da5f5e3799ba7c6f5e868a9f131baf
a943b87d70c843be5bcb81624f50a88ba904fa43,241aa9c1c9da5f5e3799ba7c6f5e868a9f131baf
4ba4c154ed89983959386a629335c4ea6bc2b0d0,241aa9c1c9da5f5e3799ba7c6f5e868a9f131baf
ac72e57f1ffd41d5b147d19ba2ec0c36ce3029c6,241aa9c1c9da5f5e3799ba7c6f5e868a9f131baf
7fd1c14f0ca13e2505fc691cab4d39576cd28e99,241aa9c1c9da5f5e3799ba7c6f5e868a9f131baf
9e6011dc616a64c1b6bf2c6ccd6d14a2911735d9,241aa9c1c9da5f5e3799ba7c6f5e868a9f131baf
0169b2e533833ae8ab849af2797e2399c51381de,241aa9c1c9da5f5e3799ba7c6f5e868a9f131baf
49740cd8d411a8956a0700919ec7e644dc79cd46,241aa9c1c9da5f5e3799ba7c6f5e868a9f131baf
29ada10f85f5cbfcf56eea05b18aa5d192aec5d1,241aa9c1c9da5f5e3799ba7c6f5e868a9f131baf
580c7ccfaf6835c92cdecdbe80db7c1d0ba78d74,241aa9c1c9da5f5e3799ba7c6f5e868a9f131baf
9c9b4fc6170acb4c9fbc8357410f8870ec5f50a5,241aa9c1c9da5f5e3799ba7c6f5e868a9f131baf
bbf2e4ee917ab3f7599083216504f30a58e0eadf,241aa9c1c9da5f5e3799ba7c6f5e868a9f131baf
a004fa790a3f550b5d08aff388da687e96749438,241aa9c1c9da5f5e3799ba7c6f5e868a9f131baf
d003e9b407a86088f4e6a74a8823f66a844fb3a8,241aa9c1c9da5f5e3799ba7c6f5e868a9f131baf
cffe16c542757455c7d9fc950eda3a50416d4757,241aa9c1c9da5f5e3799ba7c6f5e868a9f131baf
34c3df0f9b5cf0eb90b53026c79d236e9e4fbeba,241aa9c1c9da5f5e3799ba7c6f5e868a9f131baf
52cca758ad358a68a7f6438583409190ab52996e,241aa9c1c9da5f5e3799ba7c6f5e868a9f131baf
b60e42afc6fb48c94bc166108e0f696bbeeadc37,241aa9c1c9da5f5e3799ba7c6f5e868a9f131baf
772baf3d098d3da504b97bdfc4fc4a0f655705ae,241aa9c1c9da5f5e3799ba7c6f5e868a9f131baf
540a9f165d9c8dc28772e56666ae882101cf18b6,241aa9c1c9da5f5e3799ba7c6f5e868a9f131baf
9ecce5acf2fbc4e214bc8e56f478d325f7a27fe0,241aa9c1c9da5f5e3799ba7c6f5e868a9f131baf
add23c257d77e5d16d3c61aa75b5213b830742e4,241aa9c1c9da5f5e3799ba7c6f5e868a9f131baf
cdc218af89b73e8f80291e168e20ce82a7471fff,241aa9c1c9da5f5e3799ba7c6f5e868a9f131baf
2869d7966a2cebce7391f6948fb863b22b34e769,241aa9c1c9da5f5e3799ba7c6f5e868a9f131baf
69b7310996e182584207962bb903a92022841d5a,241aa9c1c9da5f5e3799ba7c6f5e868a9f131baf
1fc42ef32beca5ec536274b35df958792d3a0c6e,241aa9c1c9da5f5e3799ba7c6f5e868a9f131baf
2b28e969531684aba4651c9f42e3b522037acf67,241aa9c1c9da5f5e3799ba7c6f5e868a9f131baf
b54e32c3cecebef53155663d7678cef4bc0eede5,241aa9c1c9da5f5e3799ba7c6f5e868a9f131baf
14c04a226a7c757eeb8a06f07fa99303e4ef2619,241aa9c1c9da5f5e3799ba7c6f5e868a9f131baf
f20e66753fe0bbc596b43812fd2cd7d8440fdc5e,241aa9c1c9da5f5e3799ba7c6f5e868a9f131baf
48905b7b0149d88ba221afa0f1ef2fb9426a3c12,241aa9c1c9da5f5e3799ba7c6f5e868a9f131baf
853de9b4f7a9d73be492edafe42e003a6c2846c5,241aa9c1c9da5f5e3799ba7c6f5e868a9f131baf
4d64f3bfb0fd04749623c1c590dcebae79ed41d3,241aa9c1c9da5f5e3799ba7c6f5e868a9f131baf
b43a66f8e280121e93725b85e832cd98bb8d3dfb,241aa9c1c9da5f5e3799ba7c6f5e868a9f131baf
2660b431449fe2c84fb353f76ea5cc157a33cf4a,241aa9c1c9da5f5e3799ba7c6f5e868a9f131baf
26aaf9ea7c4faa43feb76652a584e08a1511cd40,241aa9c1c9da5f5e3799ba7c6f5e868a9f131baf
87a4e525d419119ea3c0007b11c0909e55f3df7d,241aa9c1c9da5f5e3799ba7c6f5e868a9f131baf
f616e22ad2e740e55ab1966a8ce9564531c46b2e,241aa9c1c9da5f5e3799ba7c6f5e868a9f131baf
4008184149947260ba16a0e5a2bf864008233c2e,241aa9c1c9da5f5e3799ba7c6f5e868a9f131baf
f00d839ed2b3bad858756864667dcc31fa525e52,241aa9c1c9da5f5e3799ba7c6f5e868a9f131baf
482879f6bc02021f4d011980dc643e34c0208d42,241aa9c1c9da5f5e3799ba7c6f5e868a9f131baf
ac70e86990ce0c46a091875842a413505abc52ee,241aa9c1c9da5f5e3799ba7c6f5e868a9f131baf
47ac196554ef65484f629d92ac461abcb7e80e22,241aa9c1c9da5f5e3799ba7c6f5e868a9f131baf
7c108fe0a4eb46002921d0f0daa961564d1b4013,241aa9c1c9da5f5e3799ba7c6f5e868a9f131baf
47a64ea3c4ab038aa1a2877731ad9e1201afddee,241aa9c1c9da5f5e3799ba7c6f5e868a9f131baf
557000dc6df44b3d69139645ee6340e6e4ec02fe,241aa9c1c9da5f5e3799ba7c6f5e868a9f131baf
7d173998725bc9bd24a81cf0ddfc285e61196052,241aa9c1c9da5f5e3799ba7c6f5e868a9f131baf
f5836ad40c3e0eb926870efd0ad89496cfc3fcba,241aa9c1c9da5f5e3799ba7c6f5e868a9f131baf
1f828688d77a680ccbcb4ab5a2e2847116b88ec0,241aa9c1c9da5f5e3799ba7c6f5e868a9f131baf
66f5bd4d1c1720ba4e753c18b520ec310b1b35b6,241aa9c1c9da5f5e3799ba7c6f5e868a9f131baf
e256facb0be764921c3bb630e169c8b4b5f7b8c2,241aa9c1c9da5f5e3799ba7c6f5e868a9f131baf
237a44af1ffa6db1bb715b9b94b92e77323a434d,241aa9c1c9da5f5e3799ba7c6f5e868a9f131baf
110ae51d520e755120a70951d943a07df840edc3,241aa9c1c9da5f5e3799ba7c6f5e868a9f131baf
cd420cb53d33ca99204f39d29bb936ce99e9aed2,241aa9c1c9da5f5e3799ba7c6f5e868a9f131baf
126a41e9e214d6a9f33a96b94e5d5d271530835f,241aa9c1c9da5f5e3799ba7c6f5e868a9f131baf
b464c88de477f99a4d97c277128b77f5ee8c3b9b,241aa9c1c9da5f5e3799ba7c6f5e868a9f131baf
cb5b1e80149801f613e231ed911a39f0cb011ef2,241aa9c1c9da5f5e3799ba7c6f5e868a9f131baf
297df57ceb4ea26bb81413e8a388447c23979b2d,241aa9c1c9da5f5e3799ba7c6f5e868a9f131baf
2e7bd807129b36aa247835f9519a32726d71900c,241aa9c1c9da5f5e3799ba7c6f5e868a9f131baf
e2f355e54ddb8643d9ecd2860c753f44136df8a4,241aa9c1c9da5f5e3799ba7c6f5e868a9f131baf
6ef3ce33e6fad687a726846bd427787ce86b6ce3,241aa9c1c9da5f5e3799ba7c6f5e868a9f131baf
98c140575a25996091f05c3e344bd8c2b7ac93d6,241aa9c1c9da5f5e3799ba7c6f5e868a9f131baf
e77b9117eefbcde45aa5acfbe1a99887d67d56bd,241aa9c1c9da5f5e3799ba7c6f5e868a9f131baf
52c01f309b43b5482b144f247a7452e8bd31ac62,241aa9c1c9da5f5e3799ba7c6f5e868a9f131baf
2659693468f2d7d0b43120a9bfea811cb0422e2a,241aa9c1c9da5f5e3799ba7c6f5e868a9f131baf
d0e82decd3890a128910f53b0c6d22f3603bbec0,241aa9c1c9da5f5e3799ba7c6f5e868a9f131baf
9b6da206f043239387a5598e5a506e61afbaf756,241aa9c1c9da5f5e3799ba7c6f5e868a9f131baf
c3f112e43286bf302c9bbea8e85dabcff328e368,241aa9c1c9da5f5e3799ba7c6f5e868a9f131baf
17ba9b3cbb88b10734e7501ea54cb8a0cc0a24d3,241aa9c1c9da5f5e3799ba7c6f5e868a9f131baf
ab693a96a1b0b11627b8b7ea99c4b38025af4492,241aa9c1c9da5f5e3799ba7c6f5e868a9f131baf
ce2f7b218a218451be6caffc4623eb168a259d8a,241aa9c1c9da5f5e3799ba7c6f5e868a9f131baf
583d5e19f723a0e7929f4f4d36c41407adf1b974,241aa9c1c9da5f5e3799ba7c6f5e868a9f131baf
66df4117ce9473f3b7c25de041c1eef8b87e0c52,241aa9c1c9da5f5e3799ba7c6f5e868a9f131baf
a6b13048bb3dc2176d691d249713f161a2840295,241aa9c1c9da5f5e3799ba7c6f5e868a9f131baf
84ed0e82deb204732b5b976a6ed4782ee0c8e2f1,241aa9c1c9da5f5e3799ba7c6f5e868a9f131baf
e4533cd5de8f65ec65d6e72ae9d3bd0f79fea9d1,241aa9c1c9da5f5e3799ba7c6f5e868a9f131baf
509b6cfdf69e9adaf0686ae17823f62eb64aec35,241aa9c1c9da5f5e3799ba7c6f5e868a9f131baf
e8ab843a9457aece39b6a148ec72d1048a9e8f0e,241aa9c1c9da5f5e3799ba7c6f5e868a9f131baf
831bb65104598dd7d17e52ebf2d33cce193ea2f1,241aa9c1c9da5f5e3799ba7c6f5e868a9f131baf
d6e9ffbc6de3ff07d7a3ff75371843c6b9f58871,241aa9c1c9da5f5e3799ba7c6f5e868a9f131baf
0dc411da88955188e644833da10e067b58685ba7,241aa9c1c9da5f5e3799ba7c6f5e868a9f131baf
226e68324fc683d8bbb8440aae11fc7aa3aec05c,241aa9c1c9da5f5e3799ba7c6f5e868a9f131baf
a91a3cfb0bc06202ae3d7d8f996c169cc05ff45c,241aa9c1c9da5f5e3799ba7c6f5e868a9f131baf
d75356d8c90f977512bb057b24f52e00c1f4ff75,241aa9c1c9da5f5e3799ba7c6f5e868a9f131baf
efbdeb4e2f2c31e24f049836db8b6453f2193e18,241aa9c1c9da5f5e3799ba7c6f5e868a9f131baf
a3fc677bff6b39939fed3ba97f7a641e9cb6d813,241aa9c1c9da5f5e3799ba7c6f5e868a9f131baf
83d0dd942bafe8f11343aafc0d737b076f2cb588,241aa9c1c9da5f5e3799ba7c6f5e868a9f131baf
4ad1a6c558f9728631b523154c6830bc93eb7717,241aa9c1c9da5f5e3799ba7c6f5e868a9f131baf
787416d307994e8aca71745618f013f7dc19f325,241aa9c1c9da5f5e3799ba7c6f5e868a9f131baf
b7194486d7107eb463c39f8fd1f7f9b2ced05129,241aa9c1c9da5f5e3799ba7c6f5e868a9f131baf
8bac49f469f1cfbf962ff57782fb3d3058727572,241aa9c1c9da5f5e3799ba7c6f5e868a9f131baf
b30ed62987d0e9f5176b67f03a288f07eeb6ac34,241aa9c1c9da5f5e3799ba7c6f5e868a9f131baf
0f7c56102e8d32d3c52feda97b85f16891a8afda,241aa9c1c9da5f5e3799ba7c6f5e868a9f131baf
ff91003a1d08b2c976442e072911b83b78be4a22,241aa9c1c9da5f5e3799ba7c6f5e868a9f131baf
2f36ea38e92d588e826f5f28fd40b16f734d5e1b,241aa9c1c9da5f5e3799ba7c6f5e868a9f131baf
9b1c2cb0a9f18d34e961d6b054a9ed457ea689df,241aa9c1c9da5f5e3799ba7c6f5e868a9f131baf
5daaeca7b6d78816783ad5b348cd2fb87f55f789,241aa9c1c9da5f5e3799ba7c6f5e868a9f131baf
6bb590f23d2056018f000d12ee3124705f5c6add,241aa9c1c9da5f5e3799ba7c6f5e868a9f131baf
c2be46fb9d937e57b81d3702d268dc5cf1bac2eb,241aa9c1c9da5f5e3799ba7c6f5e868a9f131baf
5bfde29efd4a153c2077bce2c5faf74d56928a97,241aa9c1c9da5f5e3799ba7c6f5e868a9f131baf
16222ea86ad2f7cfb3d4c4ec1187149e8a98f180,241aa9c1c9da5f5e3799ba7c6f5e868a9f131baf
4a9ca447a63e044596c8aa534ee4e83f37884ca1,241aa9c1c9da5f5e3799ba7c6f5e868a9f131baf
2c336c762aef478108422ac21f7f2f54a92e69df,241aa9c1c9da5f5e3799ba7c6f5e868a9f131baf
6889bcdb736d7f79f61ff25cc78a6eb28deb2bd1,241aa9c1c9da5f5e3799ba7c6f5e868a9f131baf
9f606612dba90bd812ace6c150aa1825621e3ef1,241aa9c1c9da5f5e3799ba7c6f5e868a9f131baf
7000d9ab36a3be8fb1d16b885d53095ad1b822d7,241aa9c1c9da5f5e3799ba7c6f5e868a9f131baf
eba001bdf83849f1bb973941bd9dce2450ef6324,241aa9c1c9da5f5e3799ba7c6f5e868a9f131baf
bf4f09b6898fbf524be5f2c5d8656d2c016a6630,241aa9c1c9da5f5e3799ba7c6f5e868a9f131baf
d5bb7984edc76c96ed8c5f2e50755f9c1468e153,241aa9c1c9da5f5e3799ba7c6f5e868a9f131baf
4a91b99dce49dd3160c28f7a86353d15d8ca6cac,241aa9c1c9da5f5e3799ba7c6f5e868a9f131baf
c2cde24ce5dfc5546c2dfe10560aff26fca3b09e,241aa9c1c9da5f5e3799ba7c6f5e868a9f131baf
c6369a3549c14dcd9a016050d5c606e20274716f,241aa9c1c9da5f5e3799ba7c6f5e868a9f131baf
1e0b0c6023bf7aa48a64dd474660fdc8478a0049,241aa9c1c9da5f5e3799ba7c6f5e868a9f131baf
f6d0cb640aa436b75ac77bb4ad64f4d7fc693e3b,241aa9c1c9da5f5e3799ba7c6f5e868a9f131baf
ffad69a655316b1f391f272e63f39c3515b3fd52,241aa9c1c9da5f5e3799ba7c6f5e868a9f131baf
b7972c746de9dd7ae09c36b63e170150ede6c4ea,241aa9c1c9da5f5e3799ba7c6f5e868a9f131baf
cb06961f3b70e6ba0634d200baec8e16db2ec162,241aa9c1c9da5f5e3799ba7c6f5e868a9f131baf
4c52e844ba1f137b585fee3d5c80603287631370,241aa9c1c9da5f5e3799ba7c6f5e868a9f131baf
7d87072b717e59f9cba2ed68411ec3a8f0ba6333,241aa9c1c9da5f5e3799ba7c6f5e868a9f131baf
56b4181b83662275d7f16d559b051e5ebb83a7d8,241aa9c1c9da5f5e3799ba7c6f5e868a9f131baf
1628a0ce21b0192a2d797cb76cf079dc63e3d831,241aa9c1c9da5f5e3799ba7c6f5e868a9f131baf
f13268b9251a65a7252c6d9d0cd463134947a1c9,241aa9c1c9da5f5e3799ba7c6f5e868a9f131baf
87b99099708ab3990784ba6d49170777115a666d,241aa9c1c9da5f5e3799ba7c6f5e868a9f131baf
2bfcde169dfed11380b4e790e9ecda3bdcfdf971,241aa9c1c9da5f5e3799ba7c6f5e868a9f131baf
f11eb8f321b6dfc5f1dce03179605675e65a3dab,241aa9c1c9da5f5e3799ba7c6f5e868a9f131baf
c9a300f5da5e057630444827cff59939e0efb212,241aa9c1c9da5f5e3799ba7c6f5e868a9f131baf
7852ebd8ae62dd09dd7d0a51a5afb61e4c7a4ab3,241aa9c1c9da5f5e3799ba7c6f5e868a9f131baf
8346d18d1d434665296a42ede67e4890d75c3e72,241aa9c1c9da5f5e3799ba7c6f5e868a9f131baf
15c15e3cf5fd147cf2e4f05d9fe08e0a7f9d8985,241aa9c1c9da5f5e3799ba7c6f5e868a9f131baf
eb69954052a9cd6768d890382d9a77eba67d2520,241aa9c1c9da5f5e3799ba7c6f5e868a9f131baf
33c5c8760a7a2e6251d0f2643eeca26133e499b1,241aa9c1c9da5f5e3799ba7c6f5e868a9f131baf
306a5601c56c3eba930154215313a1dae5a19e83,241aa9c1c9da5f5e3799ba7c6f5e868a9f131baf
211527343f7b900fdb781beb80c4d01b897fa219,241aa9c1c9da5f5e3799ba7c6f5e868a9f131baf
9f9956fb99dfe54e1e999806b9a553c1a7d6e547,241aa9c1c9da5f5e3799ba7c6f5e868a9f131baf
b9042be6e73c11bab4c1619df974c5ee530d7dd1,241aa9c1c9da5f5e3799ba7c6f5e868a9f131baf
c9596842b359fedf4f57cc43b3185811f3cf1c12,241aa9c1c9da5f5e3799ba7c6f5e868a9f131baf
ce132bce733887eba147952461f2feb11503ca36,241aa9c1c9da5f5e3799ba7c6f5e868a9f131baf
593adcb4c9e1ab9fb62305c19d45dfa9565dc791,241aa9c1c9da5f5e3799ba7c6f5e868a9f131baf
923a1df8c8fa19add866282175215db9f7515abd,241aa9c1c9da5f5e3799ba7c6f5e868a9f131baf
ffc8ebb269c0008f220cdd6be072251899c391fc,241aa9c1c9da5f5e3799ba7c6f5e868a9f131baf
56209813185cb204e84ccee6fe1d70e8470657a5,241aa9c1c9da5f5e3799ba7c6f5e868a9f131baf
d6aa5aa5d663910a9eeacf6b3836e0142acec4e0,241aa9c1c9da5f5e3799ba7c6f5e868a9f131baf
4270307d8f4c497b743e61a319717e1cf916257c,241aa9c1c9da5f5e3799ba7c6f5e868a9f131baf
38e856ffc93092ff5ecefff245effe957adf32b2,241aa9c1c9da5f5e3799ba7c6f5e868a9f131baf
7c58ce4c0dd72410fbb3211ad6d2b24866c86aef,241aa9c1c9da5f5e3799ba7c6f5e868a9f131baf
a100d102a0ec3273096926acf3ee132b64023e75,241aa9c1c9da5f5e3799ba7c6f5e868a9f131baf
b7cdef26fa3f1665adc280b903d509371b8c2acc,241aa9c1c9da5f5e3799ba7c6f5e868a9f131baf
1ad183b4e36424718cea9e2a0a1debbf9e07a1a9,241aa9c1c9da5f5e3799ba7c6f5e868a9f131baf
badc9711047755ce1f9850f27192465625c7b684,241aa9c1c9da5f5e3799ba7c6f5e868a9f131baf
fd940318656ebcb49d81ea4044d0c2eee59a3e04,241aa9c1c9da5f5e3799ba7c6f5e868a9f131baf
d9cfc68c158cc63b4e6bf813b2f226916fc06081,241aa9c1c9da5f5e3799ba7c6f5e868a9f131baf
bc8d2d296cf264f41c0e1bc42e99b2f3e21405b8,241aa9c1c9da5f5e3799ba7c6f5e868a9f131baf
4b4a4b7357ba4a686a68822b28e043c3ca8a2b9c,241aa9c1c9da5f5e3799ba7c6f5e868a9f131baf
b8fecbef27652eb95545fe6638440e5d643186be,241aa9c1c9da5f5e3799ba7c6f5e868a9f131baf
17fe13e5cf6d050af0130c37c12847a861af375f,241aa9c1c9da5f5e3799ba7c6f5e868a9f131baf
6b263be4301fe3deb700ad2977184fae4111feff,241aa9c1c9da5f5e3799ba7c6f5e868a9f131baf
d627a3139783c56691924e2ba2c28fc427acc801,241aa9c1c9da5f5e3799ba7c6f5e868a9f131baf
3db2b54d7cc0afebee0c01eb052309be8faddd4f,241aa9c1c9da5f5e3799ba7c6f5e868a9f131baf
151116e814be081b69cdd5703199364cc4d100a4,241aa9c1c9da5f5e3799ba7c6f5e868a9f131baf
5c1a87cc6f8a92a9a1a63e2a248deedda522da11,241aa9c1c9da5f5e3799ba7c6f5e868a9f131baf
f793927666528c31e7732ff2a019ee23c6c67ffb,241aa9c1c9da5f5e3799ba7c6f5e868a9f131baf
d9756e35e153445f286c092b2e5ddde49182d0f6,241aa9c1c9da5f5e3799ba7c6f5e868a9f131baf
f7c581966c701142b98f458d188064b0e69d2448,241aa9c1c9da5f5e3799ba7c6f5e868a9f131baf
91594f7097fe25cfe72cd15f63ea6f3690b3980e,241aa9c1c9da5f5e3799ba7c6f5e868a9f131baf
7228625776430100af871140d9a59dbcfe0eda73,241aa9c1c9da5f5e3799ba7c6f5e868a9f131baf
691c4ce39a19485a577170291b0bea1467ed8599,241aa9c1c9da5f5e3799ba7c6f5e868a9f131baf
1a5682aa192f162155785710d9a2dd03e450ef91,241aa9c1c9da5f5e3799ba7c6f5e868a9f131baf
3021d94ed35a639fd86c8e430b378c83f1446b8a,241aa9c1c9da5f5e3799ba7c6f5e868a9f131baf
90f6f21fd035f9bd9e80a30d76f7be2e6b1856a0,241aa9c1c9da5f5e3799ba7c6f5e868a9f131baf
ceb2e7b4a8ac35b2f5c50f7ac550c3b2f5d65bc6,241aa9c1c9da5f5e3799ba7c6f5e868a9f131baf
3acbee54ef48afbe96dec0ac8206f17bcb6a0b09,241aa9c1c9da5f5e3799ba7c6f5e868a9f131baf
0f3d685ee05adc8117c4df1de89aa76bf7497734,241aa9c1c9da5f5e3799ba7c6f5e868a9f131baf
eac92e292a997ab300fe36527244149b8150e00a,241aa9c1c9da5f5e3799ba7c6f5e868a9f131baf
4bbdd3426b8960e5dc7d36e787c5ed3f36c9bf1b,241aa9c1c9da5f5e3799ba7c6f5e868a9f131baf
f64e82b66c14dce9af14def9e9c633ee5d54d449,241aa9c1c9da5f5e3799ba7c6f5e868a9f131baf
e6e041164be1c8bf060fb45aa241c70a4c814a25,241aa9c1c9da5f5e3799ba7c6f5e868a9f131baf
84605e95dbb113b747a84705665efd97148422c7,241aa9c1c9da5f5e3799ba7c6f5e868a9f131baf
ecdbc7dcb5c65adad5a4aaa93ccc6dfbd314196c,241aa9c1c9da5f5e3799ba7c6f5e868a9f131baf
331da43d1bda2f8954c0e73a4199f53c2981e88d,241aa9c1c9da5f5e3799ba7c6f5e868a9f131baf
20462d88404661b10f19d84f1492821517d49801,241aa9c1c9da5f5e3799ba7c6f5e868a9f131baf
5ac1200d9216646791edc7a060bb736516bdbe04,241aa9c1c9da5f5e3799ba7c6f5e868a9f131baf
76cf8acbd8e433038d672d9c6f7e74f994aaa451,241aa9c1c9da5f5e3799ba7c6f5e868a9f131baf
88e171ae1619902eb02440f929e970dd7220921b,241aa9c1c9da5f5e3799ba7c6f5e868a9f131baf
4bdacffa858c51ae106fd1d67bdd6b73d38d11ea,241aa9c1c9da5f5e3799ba7c6f5e868a9f131baf
5be09392fc177ef3392e468efac06bdc6fefe0c1,241aa9c1c9da5f5e3799ba7c6f5e868a9f131baf
db13b1529c580f38a787d1e5e38b0d1afcd78d31,241aa9c1c9da5f5e3799ba7c6f5e868a9f131baf
640bd91646d0e5196c0474405fcd1e58620c8599,241aa9c1c9da5f5e3799ba7c6f5e868a9f131baf
b8032c4265d54e08702ca3dd504c83ad6bb4b08e,241aa9c1c9da5f5e3799ba7c6f5e868a9f131baf
96f80a763383d22cf0280b06114e113c7faac205,241aa9c1c9da5f5e3799ba7c6f5e868a9f131baf
9de17d65f714123a6f23c70f7ed41d8f9b8c1e50,241aa9c1c9da5f5e3799ba7c6f5e868a9f131baf
629ed1344d17104d84382efbd2abcbc47b39340a,241aa9c1c9da5f5e3799ba7c6f5e868a9f131baf
2f573f8cfe42f650b09936e1c358e8e5208b691e,241aa9c1c9da5f5e3799ba7c6f5e868a9f131baf
e4a66de19784d831a6fa840a91f94bac07a8f873,241aa9c1c9da5f5e3799ba7c6f5e868a9f131baf
0d81bbb58e8ef85572ac046d52e80384dff9ff6e,241aa9c1c9da5f5e3799ba7c6f5e868a9f131baf
deb90145393a01b1f701fdf447dd47cbcae5cbc8,241aa9c1c9da5f5e3799ba7c6f5e868a9f131baf
f628513e19019b6aa9cd7c7af7a0ececa8ce7fe6,241aa9c1c9da5f5e3799ba7c6f5e868a9f131baf
18caa3294aa5f4f73998f8292d01f2a578bfb7e8,241aa9c1c9da5f5e3799ba7c6f5e868a9f131baf
f9f7b480e571656db0d092ceaf164b1af50cccd7,241aa9c1c9da5f5e3799ba7c6f5e868a9f131baf
0aa0a784096fc94d327c18a3878aacf73825603c,241aa9c1c9da5f5e3799ba7c6f5e868a9f131baf
3d82be90223b6f634ec9350af7dc5deb7c5fe070,241aa9c1c9da5f5e3799ba7c6f5e868a9f131baf
0a1b4a5ff107050b33e12fdc58ebb4d0e02d9a09,241aa9c1c9da5f5e3799ba7c6f5e868a9f131baf
78343ffe27caf1353b17eb6d3e64d4c9a8ed9b46,241aa9c1c9da5f5e3799ba7c6f5e868a9f131baf
209a24353fafb25448f47bb011b1eddba4a50ae2,241aa9c1c9da5f5e3799ba7c6f5e868a9f131baf
109254f71e586afa34b4e0c788e2854a724626a5,241aa9c1c9da5f5e3799ba7c6f5e868a9f131baf
f85b5f7d1fce0c49e1e770ec88319f3fcae3aeab,241aa9c1c9da5f5e3799ba7c6f5e868a9f131baf
9e372beefba27d026bfa3322df300a73c0285d7f,241aa9c1c9da5f5e3799ba7c6f5e868a9f131baf
22d64d3d02d6c75fde7e500dd8f4c7cd8d17ab52,241aa9c1c9da5f5e3799ba7c6f5e868a9f131baf
ee691d93e0b5304e0f32bc30a4bb15bec14f352e,241aa9c1c9da5f5e3799ba7c6f5e868a9f131baf
2fd2faa421ec8ea09cdb725cda9dbaf736e575ef,241aa9c1c9da5f5e3799ba7c6f5e868a9f131baf
1e97f8a06990a09de442ce8f71e7ce96c2e11cc6,241aa9c1c9da5f5e3799ba7c6f5e868a9f131baf
b553d8e07e5ab82b0556a23e5596b0057a3215b1,241aa9c1c9da5f5e3799ba7c6f5e868a9f131baf
53bed472ac1f3405c14f4c3d6df2cdf21d78c15e,241aa9c1c9da5f5e3799ba7c6f5e868a9f131baf
5798ae5061210ec3b16b90cf98629c38247bae7e,241aa9c1c9da5f5e3799ba7c6f5e868a9f131baf
18703a83041413789c6af25cc659ec254ac3f740,241aa9c1c9da5f5e3799ba7c6f5e868a9f131baf
d382d18be0cfcb33e71d466119b559518f7bff80,241aa9c1c9da5f5e3799ba7c6f5e868a9f131baf
aa6aa9bd0f50850e34cf5aa4e3fb28a39613823a,241aa9c1c9da5f5e3799ba7c6f5e868a9f131baf
bc8e286f67f85460d1b54a05f5fa62cfb616d878,241aa9c1c9da5f5e3799ba7c6f5e868a9f131baf
aa0935b94dfaba3d90771a6eb379269a7911b693,241aa9c1c9da5f5e3799ba7c6f5e868a9f131baf
5a7cba6bb43418c8bf2085675342c7e82827ce69,241aa9c1c9da5f5e3799ba7c6f5e868a9f131baf
93b92f03e0c9e001e1a0d897d264dc0fd6f3ca37,241aa9c1c9da5f5e3799ba7c6f5e868a9f131baf
99111894c7151df122eade4b1ee0c41def68d110,241aa9c1c9da5f5e3799ba7c6f5e868a9f131baf
901c3bca03a7c101a3741437388aa6c8584e9334,241aa9c1c9da5f5e3799ba7c6f5e868a9f131baf
933aca81c687c6f3b052aa3a3b3e9a7e3becfc28,241aa9c1c9da5f5e3799ba7c6f5e868a9f131baf
2c70967b8f86f7da75bac05987452f6e0da344e5,241aa9c1c9da5f5e3799ba7c6f5e868a9f131baf
44b7866cd708fc7579d1803d83a2eb194cb9edbb,241aa9c1c9da5f5e3799ba7c6f5e868a9f131baf
8bb1fa7ef72218dbfca5a046c58b42644279306c,241aa9c1c9da5f5e3799ba7c6f5e868a9f131baf
caa774d010eede85dd8d6ee790a85949a9881594,241aa9c1c9da5f5e3799ba7c6f5e868a9f131baf
4e62442570388635c1aa6a4421bce71ad6721cc2,241aa9c1c9da5f5e3799ba7c6f5e868a9f131baf
4aae6a4c774424f2aba74c61fbbffcab9b368c5c,241aa9c1c9da5f5e3799ba7c6f5e868a9f131baf
0b4b707e1ed0b6f53729e0d014e523b3859cc4f3,241aa9c1c9da5f5e3799ba7c6f5e868a9f131baf
4562fb5160e0cc4e6b9e8c2f78e892e8128e31bc,241aa9c1c9da5f5e3799ba7c6f5e868a9f131baf
13f8687beccb11780f174037838f110028fd07fd,241aa9c1c9da5f5e3799ba7c6f5e868a9f131baf
aa56ec1f69890567912d6da56292e88f4a357501,241aa9c1c9da5f5e3799ba7c6f5e868a9f131baf
e12ef43312a65c35bef3f7bba548589d09eb2df2,241aa9c1c9da5f5e3799ba7c6f5e868a9f131baf
878067c79b91746580bbb367b46979672603b931,241aa9c1c9da5f5e3799ba7c6f5e868a9f131baf
b543d73aacc2df4ca642ff01e036da509e178a08,241aa9c1c9da5f5e3799ba7c6f5e868a9f131baf
54599be7940d75466269f5bc047bbd12ea833919,241aa9c1c9da5f5e3799ba7c6f5e868a9f131baf
b6d8935b272c7b8510ca2af487917e9fb716d77d,241aa9c1c9da5f5e3799ba7c6f5e868a9f131baf
91007a117027c9d125b6d1c01b15abbbe02994a9,241aa9c1c9da5f5e3799ba7c6f5e868a9f131baf
2ce5a597e24b66911d3af3675dc4609c0f20dabc,241aa9c1c9da5f5e3799ba7c6f5e868a9f131baf
9b8a7102b4b9cd9ee12f310a1a84753c476e97c5,241aa9c1c9da5f5e3799ba7c6f5e868a9f131baf
8a919766ed60898ac99d62bf9a9325e35ff11d8a,241aa9c1c9da5f5e3799ba7c6f5e868a9f131baf
210cf2bb7b7436108bc9f7e1732a64542b3cff77,241aa9c1c9da5f5e3799ba7c6f5e868a9f131baf
01a504892b3b6448a000fcd8dd6d80bc93826361,241aa9c1c9da5f5e3799ba7c6f5e868a9f131baf
d201aa4237d1b39705b05a50d6130dbef33b1b3a,241aa9c1c9da5f5e3799ba7c6f5e868a9f131baf
d18e35b1eeb2d3ad59b18f6d36406135fe5582d6,241aa9c1c9da5f5e3799ba7c6f5e868a9f131baf
25744ea67448adf535643671135922baefb36022,241aa9c1c9da5f5e3799ba7c6f5e868a9f131baf
245076848f44f916cf7cac318e72285bdef1480e,241aa9c1c9da5f5e3799ba7c6f5e868a9f131baf
79c3b16a501de552a9b431768946f005453ed879,241aa9c1c9da5f5e3799ba7c6f5e868a9f131baf
ba467c9204f26cbdda8564c5c2a87e5629b30892,241aa9c1c9da5f5e3799ba7c6f5e868a9f131baf
dc92356aeaa405e5ce0c0c443c914f2b48c37a28,241aa9c1c9da5f5e3799ba7c6f5e868a9f131baf
c04ee7fa39f688c56d1b276d8a1f53824fb32a51,241aa9c1c9da5f5e3799ba7c6f5e868a9f131baf
55725e45d22f2e6951f74faebb321638a0455814,241aa9c1c9da5f5e3799ba7c6f5e868a9f131baf
5e247c4031d3af6c493c7818276b676d06f529b1,241aa9c1c9da5f5e3799ba7c6f5e868a9f131baf
e829a4ade3c65cdbae8e21be615255b6503d0d85,241aa9c1c9da5f5e3799ba7c6f5e868a9f131baf
c21d7e41e9c3df87d258106747ba1aae1bfe39fd,241aa9c1c9da5f5e3799ba7c6f5e868a9f131baf
ed4edf7fa1524e54b1571f03244acac12e9fc55b,241aa9c1c9da5f5e3799ba7c6f5e868a9f131baf
41a82b371f91050a3522c5073245ba67fcd71b06,241aa9c1c9da5f5e3799ba7c6f5e868a9f131baf
06d1111fe91e4812bafd9a8214819d5188fc7401,241aa9c1c9da5f5e3799ba7c6f5e868a9f131baf
6cc7a03227c1751100096bb528d0b2356574bcf9,241aa9c1c9da5f5e3799ba7c6f5e868a9f131baf
9aa7b10ae2ef8e87fc97d0fe042aee91771a371d,241aa9c1c9da5f5e3799ba7c6f5e868a9f131baf
32d2aa74da51bd11756d5c5cd1cd3c07a9c3a4de,241aa9c1c9da5f5e3799ba7c6f5e868a9f131baf
e6fa4bd1165182942bdec5d6e06e0d7ddcc4c8d2,241aa9c1c9da5f5e3799ba7c6f5e868a9f131baf
fa2852c8a6fdea6825921e0361ddd8d4e5446893,241aa9c1c9da5f5e3799ba7c6f5e868a9f131baf
3fef737993218ddf5c930dd21f16e1701cb4cf4a,241aa9c1c9da5f5e3799ba7c6f5e868a9f131baf
c215bf90ebd633f03fa188874f8708f2a3847b0e,241aa9c1c9da5f5e3799ba7c6f5e868a9f131baf
1887002fdde7ea6625120864849186551759cd90,241aa9c1c9da5f5e3799ba7c6f5e868a9f131baf
a03ad0b9cf8ae7c9c8dd1106524b4362972d5820,241aa9c1c9da5f5e3799ba7c6f5e868a9f131baf
46aae3ac20cbd03864b6d5791bdf05b640a32e28,241aa9c1c9da5f5e3799ba7c6f5e868a9f131baf
2a34264f69a3211308400a72679f748589507543,241aa9c1c9da5f5e3799ba7c6f5e868a9f131baf
34f76a745a840074433fff6bdd3cac2f66cc49a4,241aa9c1c9da5f5e3799ba7c6f5e868a9f131baf
369f3ac7d519a7e2ed0add483492932decc26b22,241aa9c1c9da5f5e3799ba7c6f5e868a9f131baf
5fc67bf3f6873cf2f2b27cf69ce474b8bb6df4ba,241aa9c1c9da5f5e3799ba7c6f5e868a9f131baf
e5522451782dde5ba2da65c8231a05b36309f536,241aa9c1c9da5f5e3799ba7c6f5e868a9f131baf
9ea0b822ceb1165275828ad2c26b5bd1c29d7e75,241aa9c1c9da5f5e3799ba7c6f5e868a9f131baf
affee7c5e577475625ab7a0b9a071b6c921f80f7,241aa9c1c9da5f5e3799ba7c6f5e868a9f131baf
64560f547136f9c968362d908ebf657bf58462cc,241aa9c1c9da5f5e3799ba7c6f5e868a9f131baf
2670701578fbcd3f912e6ff69ca8a143dadc2619,241aa9c1c9da5f5e3799ba7c6f5e868a9f131baf
3596c96f1dd5d12b8c9fe57893944597562f5621,241aa9c1c9da5f5e3799ba7c6f5e868a9f131baf
0a9cbcec5d823fadf69ae8476dd1ec730d2fa461,241aa9c1c9da5f5e3799ba7c6f5e868a9f131baf
d972c0a65d43542aed4fa0f93e3bd553e513e4c1,241aa9c1c9da5f5e3799ba7c6f5e868a9f131baf
aae9cf1732bed38923cc39708e2cb3c064ea6bf2,241aa9c1c9da5f5e3799ba7c6f5e868a9f131baf
aee26286b4af05323165b62824111c1c69851cfa,241aa9c1c9da5f5e3799ba7c6f5e868a9f131baf
0105a45626fcbedef024e26cbc585e3fa8afb683,241aa9c1c9da5f5e3799ba7c6f5e868a9f131baf
c91c1f7d61654f5f9fdb9761a09f90322d4157c7,241aa9c1c9da5f5e3799ba7c6f5e868a9f131baf
1521bbf1a7ea3cb3b946f753697892dc7ce693e0,241aa9c1c9da5f5e3799ba7c6f5e868a9f131baf
9a2033f31f10819a9bbcc4b736a11981e7adbe5c,241aa9c1c9da5f5e3799ba7c6f5e868a9f131baf
014cfc93c7f46d9e8305c2cdc13f500aa50425cc,241aa9c1c9da5f5e3799ba7c6f5e868a9f131baf
b32e0893553f36019c0ea07abc7d06fcee54607e,241aa9c1c9da5f5e3799ba7c6f5e868a9f131baf
9fa18413c79c1e2778611da7ee639a60699d1519,241aa9c1c9da5f5e3799ba7c6f5e868a9f131baf
9210679bd47f40f67c42f87601666367a831eb2a,241aa9c1c9da5f5e3799ba7c6f5e868a9f131baf
93a9c60f73c7218be1355475ae7bee5b0d6d1691,241aa9c1c9da5f5e3799ba7c6f5e868a9f131baf
d20980e2400b8f868326b34f3cc277d5f572c1e7,241aa9c1c9da5f5e3799ba7c6f5e868a9f131baf
67ba648b9cafdd3005b124f57465e092653fdb87,241aa9c1c9da5f5e3799ba7c6f5e868a9f131baf
959884b79d76b29b0f4eda70a16da9a3259b4a98,241aa9c1c9da5f5e3799ba7c6f5e868a9f131baf
96ef7608b9d378b8c2b86f91905101cb179704f2,241aa9c1c9da5f5e3799ba7c6f5e868a9f131baf
a478601d6657e5cdd2992d533c48b37b150831b3,241aa9c1c9da5f5e3799ba7c6f5e868a9f131baf
d30e3cc747059c4484751cb8c5d587afa161df09,241aa9c1c9da5f5e3799ba7c6f5e868a9f131baf
ec372b76367576906a903cfd3f5ef7e32fc47821,241aa9c1c9da5f5e3799ba7c6f5e868a9f131baf
18331eb2a7056cb896bf5b571b45164c02d7d340,241aa9c1c9da5f5e3799ba7c6f5e868a9f131baf
e863c2a4b281ea28f3e33922a34d687cb1c9ba77,241aa9c1c9da5f5e3799ba7c6f5e868a9f131baf
f2979a7da5f1a40aa1024eccc2c363ee9f935be8,241aa9c1c9da5f5e3799ba7c6f5e868a9f131baf
5156c56b18ac7c3559f195068c3a76687e21fe45,241aa9c1c9da5f5e3799ba7c6f5e868a9f131baf
c375e8e78489b51656533242e2d20a153eca78d4,241aa9c1c9da5f5e3799ba7c6f5e868a9f131baf
213fed663931e92cfcba6509c5e794dbb3f5ef75,241aa9c1c9da5f5e3799ba7c6f5e868a9f131baf
6eb9db8ddc4862614670127c875d74a8cd78dd85,241aa9c1c9da5f5e3799ba7c6f5e868a9f131baf
dea85f910d09b6053a3f71c685c7e6f6c0021243,241aa9c1c9da5f5e3799ba7c6f5e868a9f131baf
beb6abef2233f9d5bdb392d4cdc7ba63be016788,241aa9c1c9da5f5e3799ba7c6f5e868a9f131baf
8f5bbcbe294f31e6af3ecf041ec52141896c7571,241aa9c1c9da5f5e3799ba7c6f5e868a9f131baf
ec25906f3b7b213f3852b68ad2756d0e45249e3b,241aa9c1c9da5f5e3799ba7c6f5e868a9f131baf
0c767b88d7c8bfa825bd6bcac3d67b0ae6f24773,241aa9c1c9da5f5e3799ba7c6f5e868a9f131baf
e95c8e6f85c3998ccb79e1fbd251bad801ea781f,241aa9c1c9da5f5e3799ba7c6f5e868a9f131baf
cc147b160ea547cf0f91a3dc85ee6f679c945efa,241aa9c1c9da5f5e3799ba7c6f5e868a9f131baf
5cda1916893d0524d82009f3b10c2f3d9dac7540,241aa9c1c9da5f5e3799ba7c6f5e868a9f131baf
4e06a93040882b0c8170aea3627bf84ac8414232,241aa9c1c9da5f5e3799ba7c6f5e868a9f131baf
d5cb6e1b1ef03fdc6954c01c35fcdf157c693e5f,241aa9c1c9da5f5e3799ba7c6f5e868a9f131baf
49e697209463cdb370128283bca4196e05540a00,241aa9c1c9da5f5e3799ba7c6f5e868a9f131baf
8f78f78c972b004c5d0a2b4c00eef30ad099a97f,241aa9c1c9da5f5e3799ba7c6f5e868a9f131baf
a4039a6cbc6a88fde6a6e0c3e0aa17477c0d0246,241aa9c1c9da5f5e3799ba7c6f5e868a9f131baf
683fe24474f64678e3984bde215111792a0a0dc2,241aa9c1c9da5f5e3799ba7c6f5e868a9f131baf
915bda09729249d9f106fc74c99509ef5decae25,241aa9c1c9da5f5e3799ba7c6f5e868a9f131baf
5d6a335844bda1dcfd549c0c3ec722730dce02d2,241aa9c1c9da5f5e3799ba7c6f5e868a9f131baf
5ba95b74ad9706e1a6893e7bc31d8afeb9f341e2,241aa9c1c9da5f5e3799ba7c6f5e868a9f131baf
887539061b4dec2439180eb58c2d6eae13f24548,241aa9c1c9da5f5e3799ba7c6f5e868a9f131baf
7a61994752ae1ddf39e8220c126830902a588cf6,241aa9c1c9da5f5e3799ba7c6f5e868a9f131baf
8724fda4597ae0a21e81c96fcb1738ac7e490207,241aa9c1c9da5f5e3799ba7c6f5e868a9f131baf
9614df159bc19f71a9b96cf4619630a6273c158d,241aa9c1c9da5f5e3799ba7c6f5e868a9f131baf
9c834683802d622715e36cb525d65c89fa894302,241aa9c1c9da5f5e3799ba7c6f5e868a9f131baf
3650cc249b201009c3e3f82c149fdf9074b47d69,241aa9c1c9da5f5e3799ba7c6f5e868a9f131baf
df75a7820c3037e8bf5401d08388f2e4fdbf2c83,241aa9c1c9da5f5e3799ba7c6f5e868a9f131baf
2597a1858a0d92257472e5cb7852b45ef0a50d77,241aa9c1c9da5f5e3799ba7c6f5e868a9f131baf
70d52a2b5a3295814c5106167fe8f1497bd5fcff,241aa9c1c9da5f5e3799ba7c6f5e868a9f131baf
1cf1a7a9450e284f1ce6ab8d9511b495f95de15c,241aa9c1c9da5f5e3799ba7c6f5e868a9f131baf
72a5d4acebe863cbfcec73ba934cc5b69f02e5b1,241aa9c1c9da5f5e3799ba7c6f5e868a9f131baf
8cd1fb7bb5897081c7b7f0a0dd8c720245d537ef,241aa9c1c9da5f5e3799ba7c6f5e868a9f131baf
5fba4a34465c7aa80272d1f3c780f0c645c873ba,241aa9c1c9da5f5e3799ba7c6f5e868a9f131baf
12197c446a45ef8448adec9b6050c2cad9f05e70,241aa9c1c9da5f5e3799ba7c6f5e868a9f131baf
a81978d4c1e60f095e3e244309203ac7f2b363a2,241aa9c1c9da5f5e3799ba7c6f5e868a9f131baf
7fe69c7f445618cb22d00f4551492ce4479d1137,241aa9c1c9da5f5e3799ba7c6f5e868a9f131baf
db0673ab2dff5b09314f5e950dd362e6487ec492,241aa9c1c9da5f5e3799ba7c6f5e868a9f131baf
c7ed3ec351fdc5fbeda24a8d1f15dbf539b11144,241aa9c1c9da5f5e3799ba7c6f5e868a9f131baf
38edd1f49b183f14bd17c55e64f8f0fc9e39f01d,241aa9c1c9da5f5e3799ba7c6f5e868a9f131baf
8e2e72057152f59f73e976571f563e0f64a8bf74,241aa9c1c9da5f5e3799ba7c6f5e868a9f131baf
d91731a402fffb1eaaae0cb6f5fdd4676e716a7b,241aa9c1c9da5f5e3799ba7c6f5e868a9f131baf
b5a38a385d4b5c4eaa840af9dfc59aaeee3425a9,241aa9c1c9da5f5e3799ba7c6f5e868a9f131baf
4f8cf21c6c5af6a41f77198a117719af062b63f4,241aa9c1c9da5f5e3799ba7c6f5e868a9f131baf
8233b144be3b85d202bb64d8027b1df612a86ebb,241aa9c1c9da5f5e3799ba7c6f5e868a9f131baf
e1b90305d979b82775ca351e0c41cf391ecef961,241aa9c1c9da5f5e3799ba7c6f5e868a9f131baf
cb64e9b127f5b9e86becd650233b6ffa64a17442,241aa9c1c9da5f5e3799ba7c6f5e868a9f131baf
496a7123847359e43e5c3c46b9a182ef8c3ce680,241aa9c1c9da5f5e3799ba7c6f5e868a9f131baf
37ca97d2452eaa5818ec21789c7201ad6eecf348,241aa9c1c9da5f5e3799ba7c6f5e868a9f131baf
ac93c210e8786bcdebeab4d7dcd7a6132d74065a,241aa9c1c9da5f5e3799ba7c6f5e868a9f131baf
077072d80897c176c06c658c6c3dada8a3b26acd,241aa9c1c9da5f5e3799ba7c6f5e868a9f131baf
328932b1b08d32e98155dbce75922c05d87debe3,241aa9c1c9da5f5e3799ba7c6f5e868a9f131baf
6e87784b85a4fde0f245cefc36f5a5c79cb03be3,241aa9c1c9da5f5e3799ba7c6f5e868a9f131baf
d82eed1a291af3e22dd95fd9e5a5c33a07fe5894,241aa9c1c9da5f5e3799ba7c6f5e868a9f131baf
77631bee7cc9b5af8ac45856744fcd5e40dee5ed,241aa9c1c9da5f5e3799ba7c6f5e868a9f131baf
03c0e636d7221da27b91bd64df12fd23c73fefad,241aa9c1c9da5f5e3799ba7c6f5e868a9f131baf
82a97852a8c9df4c9ee61cf59206cab2376c49e1,241aa9c1c9da5f5e3799ba7c6f5e868a9f131baf
002da322d30ed3f0d31c2df13cd8724bf9015d4b,241aa9c1c9da5f5e3799ba7c6f5e868a9f131baf
3f0ccaf4cfa993986f7a8de6adb6462359952b3a,241aa9c1c9da5f5e3799ba7c6f5e868a9f131baf
044cc1ad56cac8dc7314109c3c36a2f833624df0,241aa9c1c9da5f5e3799ba7c6f5e868a9f131baf
87a41da0a792f34a395911cb432219c4ccfcbc1b,241aa9c1c9da5f5e3799ba7c6f5e868a9f131baf
1c746ff8abe860cc5c0db7600f46bc72014ec465,241aa9c1c9da5f5e3799ba7c6f5e868a9f131baf
e2478e4a3c57717d2b91895a047bf3de4f18fd4b,241aa9c1c9da5f5e3799ba7c6f5e868a9f131baf
a55816f3b56fae8d2a5524b9943b61c13c236d90,241aa9c1c9da5f5e3799ba7c6f5e868a9f131baf
74dc973449f82aa8a0c79c0233259fd4b90cf550,241aa9c1c9da5f5e3799ba7c6f5e868a9f131baf
c9658ef20d845981f15717e4c1a13134fa518d48,241aa9c1c9da5f5e3799ba7c6f5e868a9f131baf
caac5ff115d9dddca6ea8348fa95d906066e113c,241aa9c1c9da5f5e3799ba7c6f5e868a9f131baf
0b131009105379f34f04eb2f77721fceb2d8a42f,241aa9c1c9da5f5e3799ba7c6f5e868a9f131baf
b8098434327b6337020356373b05ff78fb035d40,241aa9c1c9da5f5e3799ba7c6f5e868a9f131baf
192be1770ee1a71f0876679269f5bd4f53fb6937,241aa9c1c9da5f5e3799ba7c6f5e868a9f131baf
273819ab5c3d475ff499cbb4b6e05e206a329a28,241aa9c1c9da5f5e3799ba7c6f5e868a9f131baf
66f37049d27b746cd613819a1147d32236dc9f43,241aa9c1c9da5f5e3799ba7c6f5e868a9f131baf
c0e06f9a5489b13e8aa7cdc3d385d2f6c51168fc,241aa9c1c9da5f5e3799ba7c6f5e868a9f131baf
2f5f6603551a40a36b1005bcc6ceffd076f9f485,241aa9c1c9da5f5e3799ba7c6f5e868a9f131baf
fd0d553b3bfd8f72a3ff0acbf35abf394897eccb,241aa9c1c9da5f5e3799ba7c6f5e868a9f131baf
806eca5aacdfd29d9dc09f17c079502df21cc1b6,241aa9c1c9da5f5e3799ba7c6f5e868a9f131baf
daae79ec9c391a10a96c107f4011a19e751292a3,241aa9c1c9da5f5e3799ba7c6f5e868a9f131baf
61d94306ed2eb6bc00e4297d9adc6639da783f00,241aa9c1c9da5f5e3799ba7c6f5e868a9f131baf
2a3df97a9ee04536e8283361379d42b6834a40c9,241aa9c1c9da5f5e3799ba7c6f5e868a9f131baf
227a76c36278e64a9229345edce38ddfe59a1a73,241aa9c1c9da5f5e3799ba7c6f5e868a9f131baf
651384173518392e6560fc81401136ad272ead47,241aa9c1c9da5f5e3799ba7c6f5e868a9f131baf
afce5cff89a0e56b23da7bbbff9f0de3cf0e5ce9,241aa9c1c9da5f5e3799ba7c6f5e868a9f131baf
