source,target
30e1c0bb1e50f6637dd416a7f83e32f7dcf55864,6364fdaa0a0eccd823a779fcdd489173f938e91a
920e94a8dae86581859596bb38eacf733f988bb2,6364fdaa0a0eccd823a779fcdd489173f938e91a
2f7fa33fe57a947f1973571756bc923d38a55995,6364fdaa0a0eccd823a779fcdd489173f938e91a
147b7cd7672a4fabb4108622fe71d1cbb099b816,6364fdaa0a0eccd823a779fcdd489173f938e91a
ebf96cf815e60d527f0ac701d3c93f3a4527a946,6364fdaa0a0eccd823a779fcdd489173f938e91a
180bbb4678a760b3ab37bc2ad4c18b460d0d34e7,6364fdaa0a0eccd823a779fcdd489173f938e91a
4979d0d76efd62e437378beade9768174dce54b7,6364fdaa0a0eccd823a779fcdd489173f938e91a
2291147691433f0389ee3fbc4fbebdd099e1730e,6364fdaa0a0eccd823a779fcdd489173f938e91a
576d69d4aa435a0a6c4081b59ffce4530212bf90,6364fdaa0a0eccd823a779fcdd489173f938e91a
a70e1248d0e24cc8d4fe54fd673ec6923f74a75d,6364fdaa0a0eccd823a779fcdd489173f938e91a
b37b6b876a9497a8e49b65b1c61014c8b0411db4,6364fdaa0a0eccd823a779fcdd489173f938e91a
3a57c1f588f1c0f3a2a60590a4ae47bd92d6fb07,6364fdaa0a0eccd823a779fcdd489173f938e91a
57777915e0a88ea0d159f3cfd76ab715de03c3b3,6364fdaa0a0eccd823a779fcdd489173f938e91a
c8308b998a7fa17c4cc04e0a041268f45b84bf19,6364fdaa0a0eccd823a779fcdd489173f938e91a
61009338e37b135a5532f6a8eb5a814ad9f77119,6364fdaa0a0eccd823a779fcdd489173f938e91a
3c416c5b1d3cd899537a60b885cd0f0fe2b0e785,6364fdaa0a0eccd823a779fcdd489173f938e91a
eb17f3868c2c38f0587dcccc7ada69e060aabc90,6364fdaa0a0eccd823a779fcdd489173f938e91a
01b3f55bee5722f260fbe51db3a740b01d274988,6364fdaa0a0eccd823a779fcdd489173f938e91a
a9e7078792ca5f28e6f7c153228c270abe3dfb1a,6364fdaa0a0eccd823a779fcdd489173f938e91a
ca209835310c6064179763fc8d61dc0445b7e88d,6364fdaa0a0eccd823a779fcdd489173f938e91a
f06e295b816c40034289ddbced72d6d9e154628e,6364fdaa0a0eccd823a779fcdd489173f938e91a
bc77fb4278e53eb35e7710696ab9ab17778d9405,6364fdaa0a0eccd823a779fcdd489173f938e91a
bac05776dc7116d8c92f8a315e451e44ea128245,6364fdaa0a0eccd823a779fcdd489173f938e91a
c072b13d06c835c4c045eae3dc50c7248fb79870,6364fdaa0a0eccd823a779fcdd489173f938e91a
3be2093d1be9543161d553d8c70932868acf63ac,6364fdaa0a0eccd823a779fcdd489173f938e91a
f6c32ff99d8aa45066dc9fa98162cdf7b4078f63,6364fdaa0a0eccd823a779fcdd489173f938e91a
2ffacf060b128d2cbd6099f8e249a9028f035bf6,6364fdaa0a0eccd823a779fcdd489173f938e91a
3e670933cc4f268564fc588026abc8c4f58e3a13,6364fdaa0a0eccd823a779fcdd489173f938e91a
621ade71b1e23f0163ccc6b2b85b59f48e9d989b,6364fdaa0a0eccd823a779fcdd489173f938e91a
b8f392284fddd1ae7bac573f384ec1db8951bbaf,6364fdaa0a0eccd823a779fcdd489173f938e91a
ec8d0c6a292bcd11be0d10833e138317ee40b2f4,6364fdaa0a0eccd823a779fcdd489173f938e91a
b3399f16ff25fd26f67e5ea0980225c5648ed89b,6364fdaa0a0eccd823a779fcdd489173f938e91a
a22dfa9a66f2b8c6f77dd7494b648e0a3f8df535,6364fdaa0a0eccd823a779fcdd489173f938e91a
24d72ac20752ea9c8e244886d5e0badaa1fae009,6364fdaa0a0eccd823a779fcdd489173f938e91a
15010b2086e2d78759154b7e8f0ddf12153685d4,6364fdaa0a0eccd823a779fcdd489173f938e91a
09d22a264ae7aa9c08c2e18cba98608fd2b23edf,6364fdaa0a0eccd823a779fcdd489173f938e91a
f08aa87b8d2d787e1c8e5133baf1a8aef76574d0,6364fdaa0a0eccd823a779fcdd489173f938e91a
df1a26f7641dfab176aef03397cae6ec753b7275,6364fdaa0a0eccd823a779fcdd489173f938e91a
952807b34460ec0f2b3d9a8e89681a8ffb8842ea,6364fdaa0a0eccd823a779fcdd489173f938e91a
1efa88221131e3359aaecb009d8da75f6172b680,6364fdaa0a0eccd823a779fcdd489173f938e91a
c0b08d1327ae607126e967d758863f899e2933b3,6364fdaa0a0eccd823a779fcdd489173f938e91a
2350a61bae39e379baeb86952c084213404af5f1,6364fdaa0a0eccd823a779fcdd489173f938e91a
47f325e4b959d5dd1c87cec90a3ebf7efdd2b706,6364fdaa0a0eccd823a779fcdd489173f938e91a
6c758a8c84cadf544b2294c2e89486aac8ef6f2c,6364fdaa0a0eccd823a779fcdd489173f938e91a
0ea1e8c44fa31c3d433f9e35358e8ddac3da88cb,6364fdaa0a0eccd823a779fcdd489173f938e91a
5e4c544da0b413ffaf040b3e6f99fe79c4c45a42,6364fdaa0a0eccd823a779fcdd489173f938e91a
42c4e392fc6f3860e247ccf187c562f28cb8e775,6364fdaa0a0eccd823a779fcdd489173f938e91a
2a7010c75b752736d5f96de7a0467f6a69ae288f,6364fdaa0a0eccd823a779fcdd489173f938e91a
091a9d9bd7a2f963fe3f1df384290bbd022524fd,6364fdaa0a0eccd823a779fcdd489173f938e91a
eba122f6ffcd430037ea753f47385126caebf5b1,6364fdaa0a0eccd823a779fcdd489173f938e91a
0bacdb96989822e77d0e5cfe9bed1b59bf13c669,6364fdaa0a0eccd823a779fcdd489173f938e91a
482607dd0f6cab8ad2a19d8c486cab1c48e3cc1b,6364fdaa0a0eccd823a779fcdd489173f938e91a
f13c4071548f7435adb167b5d7e4935920fa0766,6364fdaa0a0eccd823a779fcdd489173f938e91a
81c6c4bb1ba8549246fe7d78587ef56c24c6adc1,6364fdaa0a0eccd823a779fcdd489173f938e91a
d785e843b51e9beb85e0574d63006b4cdeb04ea2,6364fdaa0a0eccd823a779fcdd489173f938e91a
8d5fb29d672fa74de36c6ea29b3e1ecef2ec91b4,6364fdaa0a0eccd823a779fcdd489173f938e91a
b12d82dfea36da53ca119da70856a1cbe51a2c84,6364fdaa0a0eccd823a779fcdd489173f938e91a
903aa9385315035fc83d308648b989099ecd0aeb,6364fdaa0a0eccd823a779fcdd489173f938e91a
532c2097c1774b1a18909889d391c82bc5d0a9c6,6364fdaa0a0eccd823a779fcdd489173f938e91a
fdc8151662cf5a3013a056f6a48c7711f3e1bb27,6364fdaa0a0eccd823a779fcdd489173f938e91a
5b7d1a915659514a31d56606a5a0edfc35575070,6364fdaa0a0eccd823a779fcdd489173f938e91a
4cb0a9d74ce2393bf8eaa8b6b639b7ae5c7fcf97,6364fdaa0a0eccd823a779fcdd489173f938e91a
d8597e342930d9b0608664ce9ebf26df66b0c984,6364fdaa0a0eccd823a779fcdd489173f938e91a
77fe3ac588f78e131547d7fc8060d995f0c8a1c9,6364fdaa0a0eccd823a779fcdd489173f938e91a
9147b01c8f1fb07d2eb0ae4744f3f8d97a66aa45,6364fdaa0a0eccd823a779fcdd489173f938e91a
783a8c6ca29500914a10c4ebbadba34feab4543e,6364fdaa0a0eccd823a779fcdd489173f938e91a
403e7fc4c9f12a2cd4a20af0d24880691e29f91e,6364fdaa0a0eccd823a779fcdd489173f938e91a
3d412f8fce0549dfb54c7750f451ab9f1b927eae,6364fdaa0a0eccd823a779fcdd489173f938e91a
957afa61b6ec05a750fe449b3da025c61ae6f3fe,6364fdaa0a0eccd823a779fcdd489173f938e91a
dbdefec0c9c96fe38821e9499c3bcb935cbd69ec,6364fdaa0a0eccd823a779fcdd489173f938e91a
5f1a3a94ec92f8c122091e4bdbca11d559e64caf,6364fdaa0a0eccd823a779fcdd489173f938e91a
bf2cd651f2d0b4e34b3e4116dd67a046248a68c9,6364fdaa0a0eccd823a779fcdd489173f938e91a
4e499ae3f404ff48c99e63e395218d4d41cbf6f4,6364fdaa0a0eccd823a779fcdd489173f938e91a
932bd5027b2ed6f23e70f6d2342e9f83b8ba3deb,6364fdaa0a0eccd823a779fcdd489173f938e91a
142ba7cece296f1e03d56c74861cd09dab0c023d,6364fdaa0a0eccd823a779fcdd489173f938e91a
4ad9f513608bb04f8abc51e074e36bd365247bd7,6364fdaa0a0eccd823a779fcdd489173f938e91a
63dca46be5417886c3aeb7fea1eabedb85e3d4a6,6364fdaa0a0eccd823a779fcdd489173f938e91a
191cb2460b2aa8f1a72347cba5218b5a4838b0f8,6364fdaa0a0eccd823a779fcdd489173f938e91a
d0367317c81afc5665cebe8fa09e1d8c568aadeb,6364fdaa0a0eccd823a779fcdd489173f938e91a
f0fad2356527d3bdb6bda20d21a5bf5386a1c2fb,6364fdaa0a0eccd823a779fcdd489173f938e91a
199c131c307c744c00adc6d6f436972b8933d5d6,6364fdaa0a0eccd823a779fcdd489173f938e91a
aee3158058984bdb7d036adbea2bd4be1196ae94,6364fdaa0a0eccd823a779fcdd489173f938e91a
5ae787f0c69cf7adb3243862f9fd647654a91460,6364fdaa0a0eccd823a779fcdd489173f938e91a
9a366c229ff2e4a1185f4d7c9d3bbf12da58dc99,6364fdaa0a0eccd823a779fcdd489173f938e91a
41c80409fc4b0e08a819960959ba6218189cd536,6364fdaa0a0eccd823a779fcdd489173f938e91a
9d95a3f52b123f53f1b5e3b8d9ead7bb227d3e47,6364fdaa0a0eccd823a779fcdd489173f938e91a
c4cdddf4e83973b183f2712f1113b354433bdfd3,6364fdaa0a0eccd823a779fcdd489173f938e91a
981dbb7b466eeaa88672a5863ea817d287c0d124,6364fdaa0a0eccd823a779fcdd489173f938e91a
664709781cd44b5a067c17bc449bc6cfc5d8dbe6,6364fdaa0a0eccd823a779fcdd489173f938e91a
09450212a1aad1f0b8895e38f116ce50ffc4c5ae,6364fdaa0a0eccd823a779fcdd489173f938e91a
6ade66c90fc085cc8abea02db33fb46c2f20424f,6364fdaa0a0eccd823a779fcdd489173f938e91a
4b7ec5827ee7ae69bc46c49cf2727b043685848f,6364fdaa0a0eccd823a779fcdd489173f938e91a
099bb8f143b88586c327558cc1a73a04872aade4,6364fdaa0a0eccd823a779fcdd489173f938e91a
fee7b80aac34353003677521d18651db669317ed,6364fdaa0a0eccd823a779fcdd489173f938e91a
7922549760a25365bef4e4fd71cec930a7ad5a78,6364fdaa0a0eccd823a779fcdd489173f938e91a
eca81a6380bc4283b8a31ac59e7cbd8717ebee99,6364fdaa0a0eccd823a779fcdd489173f938e91a
118cef10a63f259ee20341c9f3efb2c696b543b1,6364fdaa0a0eccd823a779fcdd489173f938e91a
401f766a114d04e6d725ee7bba24c5091f9dda36,6364fdaa0a0eccd823a779fcdd489173f938e91a
3015fd73e6a3b8eccae35512a15bf010636bc77c,6364fdaa0a0eccd823a779fcdd489173f938e91a
8bfc38e73862017aa8c92b5b56abdbc8d45c26fa,6364fdaa0a0eccd823a779fcdd489173f938e91a
1ceecec8e5aa7a5930dadf7463ece479851cda46,6364fdaa0a0eccd823a779fcdd489173f938e91a
dd1d9c6160c7c1de9c5c1772680334878ee2f792,6364fdaa0a0eccd823a779fcdd489173f938e91a
625bdf779a8ad31946234098e5d29d17fa2fac5c,6364fdaa0a0eccd823a779fcdd489173f938e91a
63c2eb636abf2dd0454469b636ddb4a65cd2d2cb,6364fdaa0a0eccd823a779fcdd489173f938e91a
5ee9d7808c6a0646d96e717002906c674b9e9d4d,6364fdaa0a0eccd823a779fcdd489173f938e91a
56caa59f712689e4d652cebd1ee1faf5dd34d599,6364fdaa0a0eccd823a779fcdd489173f938e91a
1aa356d1b7d18b869c8560bf73807903e96f4c2c,6364fdaa0a0eccd823a779fcdd489173f938e91a
4d661ceb4a60a91ca38717dd2e88de3071fd95a7,6364fdaa0a0eccd823a779fcdd489173f938e91a
1dc866d8276330fccf896d9c766990c7c21679d7,6364fdaa0a0eccd823a779fcdd489173f938e91a
5d2815130e3c305aa3b92d839c662332fd3fcd03,6364fdaa0a0eccd823a779fcdd489173f938e91a
3d48c2f75750dc4f7170ac8947665b76a38cc4f7,6364fdaa0a0eccd823a779fcdd489173f938e91a
24e9dce70b55c2f343fa70d7eaa408a7e1735e5a,6364fdaa0a0eccd823a779fcdd489173f938e91a
d0963d5d5275d8bd9dd4398c4665f2064e1b4653,6364fdaa0a0eccd823a779fcdd489173f938e91a
840d8f1c6cdd3a4dadfcb5e2673820b0d0b0edf9,6364fdaa0a0eccd823a779fcdd489173f938e91a
c9ecece55659dad73de02a0ea6870820e23a4efa,6364fdaa0a0eccd823a779fcdd489173f938e91a
01920fa0e9002bfa601c4c7d82ef615d2b9402f2,6364fdaa0a0eccd823a779fcdd489173f938e91a
7530edaffd6be7faa09642ffc7f9b088798c6c65,6364fdaa0a0eccd823a779fcdd489173f938e91a
a6e65fc1aee52c7fec1ab7735f6dcb975743a922,6364fdaa0a0eccd823a779fcdd489173f938e91a
7a9f4cc89ab2bd9cb25da8e7c657eebada4b74d2,6364fdaa0a0eccd823a779fcdd489173f938e91a
f18cd0c6d6f52a354c328f950c02a7ad1348e9d5,6364fdaa0a0eccd823a779fcdd489173f938e91a
7f303d346529e7cf01424d50a72d9eb24e72119f,6364fdaa0a0eccd823a779fcdd489173f938e91a
55fad97ee413db7bdf453e5da6e9f832eaf17c3f,6364fdaa0a0eccd823a779fcdd489173f938e91a
15aa55694c35f7a5196aa58f72320036a35d0376,6364fdaa0a0eccd823a779fcdd489173f938e91a
1bf8193451a24e14579b8dfa9e3ff84f3537b3c1,6364fdaa0a0eccd823a779fcdd489173f938e91a
df57a39d4d930f20f9ca8947f4966ab2af5c398c,6364fdaa0a0eccd823a779fcdd489173f938e91a
ff4edb54e2b5d3b94cb86ea3bc53a4bd898bd55a,6364fdaa0a0eccd823a779fcdd489173f938e91a
11a99b6a0aa2b916d5abb3b3b40537790304c3c4,6364fdaa0a0eccd823a779fcdd489173f938e91a
4eed5fdcc2076a229c9c9e95eaaaab290e714031,6364fdaa0a0eccd823a779fcdd489173f938e91a
11233ba824d17967ed40a471a9893ccb45e10b7b,6364fdaa0a0eccd823a779fcdd489173f938e91a
cda1fdb06cbbdfd5fc4f2b20c4cbaf511ec4b601,6364fdaa0a0eccd823a779fcdd489173f938e91a
03b32722082756fcce359917cf105dfe42b11767,6364fdaa0a0eccd823a779fcdd489173f938e91a
7fa488e7dfb5029d5ab10b8a6c494996fc0cf3e3,6364fdaa0a0eccd823a779fcdd489173f938e91a
edaccfbe58981d0f7beada54fce5485218d90363,6364fdaa0a0eccd823a779fcdd489173f938e91a
35febfc53a65160b97bf56aeffcda0c22d9a0bef,6364fdaa0a0eccd823a779fcdd489173f938e91a
f21fc779c10a506ce29cba0a2deb242b97a686c5,6364fdaa0a0eccd823a779fcdd489173f938e91a
d1ed09856c84fd82e17668ba4a49655ac04e54d5,6364fdaa0a0eccd823a779fcdd489173f938e91a
8c490aa514f0e63bf2182d335079e8fe17c1f52a,6364fdaa0a0eccd823a779fcdd489173f938e91a
65198155593825f64120c615efa4dc49ada74104,6364fdaa0a0eccd823a779fcdd489173f938e91a
11ed928113c63e5099d0150711aa2a7d4a57c789,6364fdaa0a0eccd823a779fcdd489173f938e91a
d747fbbe3865682f713ebd74cb6144c607d269d4,6364fdaa0a0eccd823a779fcdd489173f938e91a
41fbcce240825b3b4520c057c081807003715a15,6364fdaa0a0eccd823a779fcdd489173f938e91a
171d22caa9626906580c99b9ba7de3030d8a30c1,6364fdaa0a0eccd823a779fcdd489173f938e91a
f08e79b99321251435f680d4cbdd5067421dc004,6364fdaa0a0eccd823a779fcdd489173f938e91a
dda6f2be50816d69918c850d8532ec9c62ede404,6364fdaa0a0eccd823a779fcdd489173f938e91a
ac7a99a82539811e350ed773cbc8f0e2feadb61a,6364fdaa0a0eccd823a779fcdd489173f938e91a
514292e11de5322930c8199480b31dd0ae1d5b6f,6364fdaa0a0eccd823a779fcdd489173f938e91a
0ef116ab4631cbae5dba4c03fdbd01c15dee9e11,6364fdaa0a0eccd823a779fcdd489173f938e91a
5998b2565148360032fab0c1c602d743dc3c2463,6364fdaa0a0eccd823a779fcdd489173f938e91a
f94ad7bedc713bd3225fd44760628acb71e1c676,6364fdaa0a0eccd823a779fcdd489173f938e91a
fd3ab638022b5db1a985eb6f24b8a2f7733adff1,6364fdaa0a0eccd823a779fcdd489173f938e91a
6f5354888df83f08f8824a80686770fa848b4acd,6364fdaa0a0eccd823a779fcdd489173f938e91a
cd049f984fb82e31a980bb26ce17798d6c4b7420,6364fdaa0a0eccd823a779fcdd489173f938e91a
5d6890381b889654465078d953f6c10ee83bf9fc,6364fdaa0a0eccd823a779fcdd489173f938e91a
fb25242c9213a7c11ae0bfba6752d5609c1275d7,6364fdaa0a0eccd823a779fcdd489173f938e91a
fb617ac7dbe0ee71fd08c60900d1dc1d7c0107ff,6364fdaa0a0eccd823a779fcdd489173f938e91a
2c7da603b61c51f371242e74d4c8b62b06f53648,6364fdaa0a0eccd823a779fcdd489173f938e91a
5545b818651cf367961f66092b3b96ac89a96fb0,6364fdaa0a0eccd823a779fcdd489173f938e91a
e72efe88b16972f115f9dc85f0f2b165a9f4e6a9,6364fdaa0a0eccd823a779fcdd489173f938e91a
17ccf73f77d332f150779353f4397abc660c86af,6364fdaa0a0eccd823a779fcdd489173f938e91a
380ec71dbdf640183cf033ec67fb3aa12cc2a671,6364fdaa0a0eccd823a779fcdd489173f938e91a
d1fa69807cdc629f2069d6ae316554e6f596fdf7,6364fdaa0a0eccd823a779fcdd489173f938e91a
3a624702a94c3634c716500e3dff449dcc5cab71,6364fdaa0a0eccd823a779fcdd489173f938e91a
7d3f4026620da10cbb4294e5930075235ea11fd9,6364fdaa0a0eccd823a779fcdd489173f938e91a
83fd22dc2c9dfcc7ff1920747ce18f7d15420f26,6364fdaa0a0eccd823a779fcdd489173f938e91a
c3a8979286d564e4f8e9072334f22a94c8ac2b0d,6364fdaa0a0eccd823a779fcdd489173f938e91a
22e8d51df894e0d8a6a4d76e5fc117fdd4220607,6364fdaa0a0eccd823a779fcdd489173f938e91a
26a39469bc6a23f35a6ec0237f7b4831e0a222ca,6364fdaa0a0eccd823a779fcdd489173f938e91a
d6d14da9026edb3ec69f2b3fcbe36a5a71c1cd63,6364fdaa0a0eccd823a779fcdd489173f938e91a
b67235a420bf13e901938a68efa98e2d787a614d,6364fdaa0a0eccd823a779fcdd489173f938e91a
7f12a7522a60326d4bde9cee079a1e25f3522dd4,6364fdaa0a0eccd823a779fcdd489173f938e91a
0a9be93e843034356be44a95b93433e04fb2c1d3,6364fdaa0a0eccd823a779fcdd489173f938e91a
7082b123d1a4e97993ff33977310d97f755d1788,6364fdaa0a0eccd823a779fcdd489173f938e91a
c6a1f163503d11f3b19b1e6d1457d7e29abfcaad,6364fdaa0a0eccd823a779fcdd489173f938e91a
53ad3d929ca40a4b436b5b0719a3d3a7aa801217,6364fdaa0a0eccd823a779fcdd489173f938e91a
84bf4169dc99cefe454a469efb0cd6c78ba7b86d,6364fdaa0a0eccd823a779fcdd489173f938e91a
7ba8016487dcdebc01745c4f44a1ee42734c7070,6364fdaa0a0eccd823a779fcdd489173f938e91a
05966af24bcf3476ef0b346ebfff516c635b1eba,6364fdaa0a0eccd823a779fcdd489173f938e91a
ed749b543edb3f7aecde472426d5e1ebbb8fc205,6364fdaa0a0eccd823a779fcdd489173f938e91a
c3d40de997de4effe134fe4bdde040322fdcf324,6364fdaa0a0eccd823a779fcdd489173f938e91a
160a964037c38fa286bbd264a4c3efbddb7db139,6364fdaa0a0eccd823a779fcdd489173f938e91a
11dde66fcf0f038890f94d35f6a56d4b137e7569,6364fdaa0a0eccd823a779fcdd489173f938e91a
f3989462cba45782cce03c5675ae7e45b0479d8f,6364fdaa0a0eccd823a779fcdd489173f938e91a
6642603581fca8e457930a521d82ccff26629ad1,6364fdaa0a0eccd823a779fcdd489173f938e91a
06038739fcc7804f2a13edb01931f35d2f2d14db,6364fdaa0a0eccd823a779fcdd489173f938e91a
75c49c04791e89fe7dc3fc089e8d529aea3ea5b4,6364fdaa0a0eccd823a779fcdd489173f938e91a
e15188456f72ef00df9eee545acf918b43040937,6364fdaa0a0eccd823a779fcdd489173f938e91a
69791396de66e56ef40e0f8db972d20e389f5a67,6364fdaa0a0eccd823a779fcdd489173f938e91a
0ef29d41bd106017ed026dbf3578244957cd4877,6364fdaa0a0eccd823a779fcdd489173f938e91a
ab9dbb3d1bc7c5f73eeb5e0a54b6ea4c8f5ae096,6364fdaa0a0eccd823a779fcdd489173f938e91a
45d53dc30149c4660dce94bbb0f9958a584821d5,6364fdaa0a0eccd823a779fcdd489173f938e91a
971acb905341c63070aec4f2da502fa4fdb87af9,6364fdaa0a0eccd823a779fcdd489173f938e91a
82ac1bcac93cb545f8b0b4dcd547ac49840d36d2,6364fdaa0a0eccd823a779fcdd489173f938e91a
0a36d19098f79c6da68b177e3b3be388efc40c91,6364fdaa0a0eccd823a779fcdd489173f938e91a
57df401eb76b19d2854c4800d7494bbdc003a422,6364fdaa0a0eccd823a779fcdd489173f938e91a
1a82752a5b9c39f41f6b275cebee1dce882348be,6364fdaa0a0eccd823a779fcdd489173f938e91a
8a3aaf16234b45debf052923fe919846fc651a10,6364fdaa0a0eccd823a779fcdd489173f938e91a
14c2f57f26c32eb7f9dc0df831adedb3dc7fc778,6364fdaa0a0eccd823a779fcdd489173f938e91a
cc133d63bd01a9032f22c870c52c37fcaf5df986,6364fdaa0a0eccd823a779fcdd489173f938e91a
7405b68c2b88bca15412b2330b0ef28c0cbe040a,6364fdaa0a0eccd823a779fcdd489173f938e91a
7e92b5e08915b586b74d3ea912a7d6df94040bb2,6364fdaa0a0eccd823a779fcdd489173f938e91a
0901aac539e56176d3e81178e1ce155b87f7b070,6364fdaa0a0eccd823a779fcdd489173f938e91a
1f6336dbc58a102e162876beaf5f655faa4e09e8,6364fdaa0a0eccd823a779fcdd489173f938e91a
a7b9e9a352f913a3612d2a96d3210d3ecadbfc4d,6364fdaa0a0eccd823a779fcdd489173f938e91a
d479309cf5c0c859e1356346a4fd67a9153f4aa7,6364fdaa0a0eccd823a779fcdd489173f938e91a
2d2af36b40f1b852be5dcf1aca4e85a589868cf8,6364fdaa0a0eccd823a779fcdd489173f938e91a
6d2948f9eab4ce77d9ed6cf085619381fde8127b,6364fdaa0a0eccd823a779fcdd489173f938e91a
29f08b06d1db219896e11f1b8ef8a25a5a68e99b,6364fdaa0a0eccd823a779fcdd489173f938e91a
9fc6d12bde18154b1089b8cd20f0f412a98aeadf,6364fdaa0a0eccd823a779fcdd489173f938e91a
d63776798ea30cb48f8eef75b5b0fc641bcb8525,6364fdaa0a0eccd823a779fcdd489173f938e91a
e6b830b808ddf857c566645f09f637833197836c,6364fdaa0a0eccd823a779fcdd489173f938e91a
e9a9610ca97c3d041fb3025391a824d818a5925c,6364fdaa0a0eccd823a779fcdd489173f938e91a
18e294a7ea61c5ced157225908d2e263442e418b,6364fdaa0a0eccd823a779fcdd489173f938e91a
01d0ecd5ab132082b02c78944091cc1b8744e296,6364fdaa0a0eccd823a779fcdd489173f938e91a
da341cd4e8545504c27226921a0d9963a79eb6e1,6364fdaa0a0eccd823a779fcdd489173f938e91a
5ff1167c21a4898253f0511929f86bf132308031,6364fdaa0a0eccd823a779fcdd489173f938e91a
5702e2b0f1416fac1a2a5aada4af9c3ac328a40f,6364fdaa0a0eccd823a779fcdd489173f938e91a
0e709c0bc827756af965c2d5ca1a3b357080cc10,6364fdaa0a0eccd823a779fcdd489173f938e91a
185e20e24ed6d027bbeedbcb4382c39dce4981a2,6364fdaa0a0eccd823a779fcdd489173f938e91a
8b6f3c42d482fd84d78d5b7972c5987524311195,6364fdaa0a0eccd823a779fcdd489173f938e91a
3b6c500ccb3801be1eaff4459318fe38d99bb5d1,6364fdaa0a0eccd823a779fcdd489173f938e91a
27a028c9ad4145d52d5e00619a7672ca0429aac2,6364fdaa0a0eccd823a779fcdd489173f938e91a
3201f89da17c968d1e74f9286a60052e7ec35603,6364fdaa0a0eccd823a779fcdd489173f938e91a
b75bb7cb1445263b3b4bb4a349763e8c33282f8c,6364fdaa0a0eccd823a779fcdd489173f938e91a
9b7699d543013fa0bd33d3d59d3bf6bac007918b,6364fdaa0a0eccd823a779fcdd489173f938e91a
ef4624a9ddfdc77aad7ea61379de94665b767793,6364fdaa0a0eccd823a779fcdd489173f938e91a
51b915071c0748d30063a24263f46ffdbbe67bf1,6364fdaa0a0eccd823a779fcdd489173f938e91a
23d34f1d6eb41398aefd1d930b25c1d1dfdf0791,6364fdaa0a0eccd823a779fcdd489173f938e91a
9a39f41f5910b07897a8bb5f98beaed2530096ea,6364fdaa0a0eccd823a779fcdd489173f938e91a
8312fc650abfbd00b1141ea3aa7efcb3709aa6d3,6364fdaa0a0eccd823a779fcdd489173f938e91a
4bf504869629713ca7be7cd432c7f65161eeac89,6364fdaa0a0eccd823a779fcdd489173f938e91a
bf6495b6ebd53e413e87954903afe23f40bc2aa2,6364fdaa0a0eccd823a779fcdd489173f938e91a
da5efba57391d68c1702a367c73bee1e64989731,6364fdaa0a0eccd823a779fcdd489173f938e91a
a1a4d14cdb429ba7c7c7b82ecad15626004d7d3c,6364fdaa0a0eccd823a779fcdd489173f938e91a
9e14ae8063ebbd25db4eb40965e4c04babf445e4,6364fdaa0a0eccd823a779fcdd489173f938e91a
4675172fe6c3e58594def8f2ee697e2d749328a0,6364fdaa0a0eccd823a779fcdd489173f938e91a
fe2538eaf2c124a1e2bbc9de0dc1d36b448aab41,6364fdaa0a0eccd823a779fcdd489173f938e91a
da4b4d5c80dc0dfc67df4acd3d5d525b0acd608a,6364fdaa0a0eccd823a779fcdd489173f938e91a
6d9891016738d946c1667dd0177887c175306037,6364fdaa0a0eccd823a779fcdd489173f938e91a
5443f85faab9af8eee8cfac8ed404b03d95ac883,6364fdaa0a0eccd823a779fcdd489173f938e91a
f604fd5445527ae163f679c31db970578257d3fa,6364fdaa0a0eccd823a779fcdd489173f938e91a
ffdc505563ce665db4ff27c5438ff13241fc08a2,6364fdaa0a0eccd823a779fcdd489173f938e91a
0d607fc44df2a4e9e170766632e10d2c4b4b3745,6364fdaa0a0eccd823a779fcdd489173f938e91a
853bfb2fa73dbe8665c637230a159f014027112e,6364fdaa0a0eccd823a779fcdd489173f938e91a
23049a42ce54d28c991ddfef068785668b65d386,6364fdaa0a0eccd823a779fcdd489173f938e91a
48aa42e510de8cce94c82abab5681bb079aa3528,6364fdaa0a0eccd823a779fcdd489173f938e91a
6d29bcfc41d228050f36cf3d5dcbd7aedeb5995a,6364fdaa0a0eccd823a779fcdd489173f938e91a
98b39ba5793b209547ac45706f1fad0dc2825220,6364fdaa0a0eccd823a779fcdd489173f938e91a
e435e73bfdbfdcfa771b630a208d9a6ec76786b5,6364fdaa0a0eccd823a779fcdd489173f938e91a
0638c0b96b465a757b4d4cec231424942c02f56b,6364fdaa0a0eccd823a779fcdd489173f938e91a
ab58f7c1c460eb3b37dd804aced10c236aa477d2,6364fdaa0a0eccd823a779fcdd489173f938e91a
d75b7eca6621bc9d770e19a0cd29f6212bc5984b,6364fdaa0a0eccd823a779fcdd489173f938e91a
fc73f0f61c73780b540e5a1a4dcebdd7d3acc814,6364fdaa0a0eccd823a779fcdd489173f938e91a
07e5a5b7aea02110ac9ef295174595ae21514667,6364fdaa0a0eccd823a779fcdd489173f938e91a
fad345bb52e4c7a100dbe9da750ab614c384dfa8,6364fdaa0a0eccd823a779fcdd489173f938e91a
f3482bc752523a9911d90a1fa8e36010d59eb622,6364fdaa0a0eccd823a779fcdd489173f938e91a
1477a4d550c5ed10398bee8ba143bed9be2a9b70,6364fdaa0a0eccd823a779fcdd489173f938e91a
57938e59ffeb00b9e1b4812ce30eb7bc1a981980,6364fdaa0a0eccd823a779fcdd489173f938e91a
03bf2fcfd2fd10b55ed90a7bedbe87c96dcd6995,6364fdaa0a0eccd823a779fcdd489173f938e91a
0bf03d8fd75005eaf71f25bd3cf1cb8ce0306fd3,6364fdaa0a0eccd823a779fcdd489173f938e91a
4fb790570518bde07bdcc2109a0f83693a06fb3b,6364fdaa0a0eccd823a779fcdd489173f938e91a
b46736a9fbcc4357ed2e184dcfa2f92a6bc83442,6364fdaa0a0eccd823a779fcdd489173f938e91a
8e2668a3eceea9cc24a00b8beda48da6b253ed66,6364fdaa0a0eccd823a779fcdd489173f938e91a
829d1f43bf6be7f67ec5d2886d77cbc54b34d29f,6364fdaa0a0eccd823a779fcdd489173f938e91a
df3a4a54034f5785d86dfc52318b39ef68125a38,6364fdaa0a0eccd823a779fcdd489173f938e91a
72b9eb84a933f64887820a5d96bd3a645153ca6c,6364fdaa0a0eccd823a779fcdd489173f938e91a
290421835e57629bf2030c62828ca41c357eba36,6364fdaa0a0eccd823a779fcdd489173f938e91a
e50d3d0d7db0f14ef7a0a61c4437658cb960d1c9,6364fdaa0a0eccd823a779fcdd489173f938e91a
bbc8598bd0a368393c97abcbc09d2235802803e6,6364fdaa0a0eccd823a779fcdd489173f938e91a
895282170d5a545413536692fa388f9fd1941adb,6364fdaa0a0eccd823a779fcdd489173f938e91a
a76ff5f6e250d5877b13b44be2d86e0b68aeb3a0,6364fdaa0a0eccd823a779fcdd489173f938e91a
819bb93a7ba4ea7c6b8dea5c07ec2fafeb36a564,6364fdaa0a0eccd823a779fcdd489173f938e91a
3ce685993a323ed1e6ab51d37a27940640d48de7,6364fdaa0a0eccd823a779fcdd489173f938e91a
54baa02160f3096055e6dcd67a7760fb72a9bb4b,6364fdaa0a0eccd823a779fcdd489173f938e91a
60fb1238f5a80717c7c9adefbed7372651f79497,6364fdaa0a0eccd823a779fcdd489173f938e91a
de9d49838f859d0692ce78902e0a9bce4b9998a7,6364fdaa0a0eccd823a779fcdd489173f938e91a
0b679289b4864f342f2abde2351c6053181b2390,6364fdaa0a0eccd823a779fcdd489173f938e91a
7e231c6f70ef8a1e0af511e207e8818ba69d929e,6364fdaa0a0eccd823a779fcdd489173f938e91a
825e59525e9bde8a5c15017389ee43c7f807e289,6364fdaa0a0eccd823a779fcdd489173f938e91a
548c222efcf60b9c61d1c0921e6e8e99c5a9e3af,6364fdaa0a0eccd823a779fcdd489173f938e91a
c6ccff2065eb3d492b1957b865dde3b96091bda9,6364fdaa0a0eccd823a779fcdd489173f938e91a
bda3452832e9ea6a13f0319ee82f96595fa4c377,6364fdaa0a0eccd823a779fcdd489173f938e91a
aa31b246b671c5fa2d77ec2a9c35f591ee50257d,6364fdaa0a0eccd823a779fcdd489173f938e91a
76e66a5da7045183a4e2f4445e4c3438f2136f4f,6364fdaa0a0eccd823a779fcdd489173f938e91a
46e3ec6b0b0ad6f217ea56d5b1cca8deda7464c5,6364fdaa0a0eccd823a779fcdd489173f938e91a
8f983b49edbbd70c6db8d7675f9691de7f5c665b,6364fdaa0a0eccd823a779fcdd489173f938e91a
250585e2b1bfbc6907ed285d91d20540d6aef0d4,6364fdaa0a0eccd823a779fcdd489173f938e91a
230ce434e101ddcd58fa12cd021f799a50e0ec6f,6364fdaa0a0eccd823a779fcdd489173f938e91a
0f3db9b9dc78e5c6f0f5555250377354d7e6cd4e,6364fdaa0a0eccd823a779fcdd489173f938e91a
0b2d3677787c31cf05aeada022b67a4d979ff819,6364fdaa0a0eccd823a779fcdd489173f938e91a
44ae4c9ffb085950296c843b255340a3c11386ad,6364fdaa0a0eccd823a779fcdd489173f938e91a
535cdb9a678eb11afa69ff1376fbbb565674955a,6364fdaa0a0eccd823a779fcdd489173f938e91a
ce484d77e9d70646a0650783b6efbb9dd6a462b5,6364fdaa0a0eccd823a779fcdd489173f938e91a
6c1121bbb161c902f41d7192fbb8699fb86e0176,6364fdaa0a0eccd823a779fcdd489173f938e91a
2ec93d2a51be254f68c183eef236f4df431af1dc,6364fdaa0a0eccd823a779fcdd489173f938e91a
393e9c9b3a148221d135195c1228bdfefd37de22,6364fdaa0a0eccd823a779fcdd489173f938e91a
34e2a53024f7155347e02a03cb1416acbf34d2de,6364fdaa0a0eccd823a779fcdd489173f938e91a
1c032009cac1b86860341fd059e6de2744fa1bde,6364fdaa0a0eccd823a779fcdd489173f938e91a
83d02881f4807fad6f7a58434425874a3d2f9765,6364fdaa0a0eccd823a779fcdd489173f938e91a
bc2cc91754c6d5930d348d8188fa35ec04e18f61,6364fdaa0a0eccd823a779fcdd489173f938e91a
da802f9b25e84749b4b626e5a25a4e31bff79689,6364fdaa0a0eccd823a779fcdd489173f938e91a
5619710620d6ce3ba974101b542a3ec0e9fed1b5,6364fdaa0a0eccd823a779fcdd489173f938e91a
298140f33da2b6ce1cd3fc94e409ab7905d2a68a,6364fdaa0a0eccd823a779fcdd489173f938e91a
11b2757dc3a1124ef5b9bd43c73a2e8e28fd877b,6364fdaa0a0eccd823a779fcdd489173f938e91a
f0a3cb30671bc0d928cadfb8740028f60214bf02,6364fdaa0a0eccd823a779fcdd489173f938e91a
f3771ec44c3d80a5a5b998eec81573af15ed20c1,6364fdaa0a0eccd823a779fcdd489173f938e91a
4beb1fc208fa17b836a05e05f0bb80e81655d562,6364fdaa0a0eccd823a779fcdd489173f938e91a
768faec5ae13c6faa831517b00e777a71c33507f,6364fdaa0a0eccd823a779fcdd489173f938e91a
2f6b8d9b7a61755a8f3a3dc0e850bcb85b12c9a5,6364fdaa0a0eccd823a779fcdd489173f938e91a
b0fdf59abc9c4a2e241a693ab19c7f528c7e8db1,6364fdaa0a0eccd823a779fcdd489173f938e91a
2f1611dd101caea9bf60fe034572e4a714e128de,6364fdaa0a0eccd823a779fcdd489173f938e91a
8157617678fdce6b97e023a4a2e05186909d35c7,6364fdaa0a0eccd823a779fcdd489173f938e91a
208f8e7af710253af184007974dd04655042398d,6364fdaa0a0eccd823a779fcdd489173f938e91a
6e145457b8ef319f32c345c4f353f758e6a43baf,6364fdaa0a0eccd823a779fcdd489173f938e91a
a27af2f8a82588fcba7a16c65d5a90b8318c74de,6364fdaa0a0eccd823a779fcdd489173f938e91a
0b9cc6534659b434314f93849f7a3c2ed5fa26a2,6364fdaa0a0eccd823a779fcdd489173f938e91a
507ba33c16341b2c0836f4405f1d3f831f9cceb7,6364fdaa0a0eccd823a779fcdd489173f938e91a
71fc59fc9d88ddf739c56fd0b9465c9dd3fa25f8,6364fdaa0a0eccd823a779fcdd489173f938e91a
b05ac68382c215145e6bc4701ee0959ca8a6a9a2,6364fdaa0a0eccd823a779fcdd489173f938e91a
fe6975b2712511e06ba536d594abdc65bd546d8d,6364fdaa0a0eccd823a779fcdd489173f938e91a
b97644bd19118721254691d09df3d54ee19a2d2a,6364fdaa0a0eccd823a779fcdd489173f938e91a
e0b9ffdf82f17aeb64d2cecc6b8d2a156d998dd1,6364fdaa0a0eccd823a779fcdd489173f938e91a
13167cddf529f9a7f56aaf837b5aedd39b510342,6364fdaa0a0eccd823a779fcdd489173f938e91a
bf9d8d09478d839aa5fa9540c80ec0a15b6aaa8b,6364fdaa0a0eccd823a779fcdd489173f938e91a
1dea90c21f195c2188d0f25b3d1e30b3e352a582,6364fdaa0a0eccd823a779fcdd489173f938e91a
68b3adc965b5dcbcfbe47611291658c0a93964e2,6364fdaa0a0eccd823a779fcdd489173f938e91a
896605b9f875b2fe6ff9f39b61aa916c3b0cafce,6364fdaa0a0eccd823a779fcdd489173f938e91a
e9c64b38e4c6cdbbeda30d4d5ee73ed69eef90e7,6364fdaa0a0eccd823a779fcdd489173f938e91a
0367bcfbce4a0db01d874e65d493b683d1a0fd22,6364fdaa0a0eccd823a779fcdd489173f938e91a
09316a08365bb012829e467cebf1db85fac32744,6364fdaa0a0eccd823a779fcdd489173f938e91a
f88499d3a47ba3d4f703e01ae883a2002a2fe2ee,6364fdaa0a0eccd823a779fcdd489173f938e91a
3505b9b4f6e149765e81a797f4b1d2bd39a18426,6364fdaa0a0eccd823a779fcdd489173f938e91a
69692d84c1eecc160257ab107e26744815ef3c5a,6364fdaa0a0eccd823a779fcdd489173f938e91a
29bbd034a5019c22bbfb79c39d9aad0646bb92b6,6364fdaa0a0eccd823a779fcdd489173f938e91a
6fa526e46218090a01d2b720d629c5d2dbe8f953,6364fdaa0a0eccd823a779fcdd489173f938e91a
9d8f9b89cb8d9be426fb9abc415a589a65fd88c1,6364fdaa0a0eccd823a779fcdd489173f938e91a
23566e68b472e430ba5022621014a23d5563ecdd,6364fdaa0a0eccd823a779fcdd489173f938e91a
15061f3c422467f6aa7f4f64ebd2eb986bc4658d,6364fdaa0a0eccd823a779fcdd489173f938e91a
97f741645fe90476278fd2d7244643f02144bb21,6364fdaa0a0eccd823a779fcdd489173f938e91a
acaec0c84e2496d024f05a1a01a023354a2766df,6364fdaa0a0eccd823a779fcdd489173f938e91a
43f706ab8f7320a473cab921967a9b4dfb509f91,6364fdaa0a0eccd823a779fcdd489173f938e91a
27be2637f6efa7dea14c5e1849a0953dd9c4725e,6364fdaa0a0eccd823a779fcdd489173f938e91a
03f373a9a944beb6d5b6edb82a6f306ec8956001,6364fdaa0a0eccd823a779fcdd489173f938e91a
bcd9250de6c1d359b784300ae349b1f676a2db8f,6364fdaa0a0eccd823a779fcdd489173f938e91a
10daa0431d3085cc5e68688a457ed5d0c72719ee,6364fdaa0a0eccd823a779fcdd489173f938e91a
f47afb174f47fdc6d1146273a1e86b62c3958f16,6364fdaa0a0eccd823a779fcdd489173f938e91a
60764c6deb705d04c53405b75f98e55fab304f0f,6364fdaa0a0eccd823a779fcdd489173f938e91a
89e29bcfdbb677c25ed212434edb8dd47d97d17b,6364fdaa0a0eccd823a779fcdd489173f938e91a
4db3e67752f6c498323a836892d8eac22337b6b3,6364fdaa0a0eccd823a779fcdd489173f938e91a
67a534c9f94af77d63aad3f9ec2992be90749763,6364fdaa0a0eccd823a779fcdd489173f938e91a
f7b3d1048c2aa5302d184920fc8adae66cb6b3c6,6364fdaa0a0eccd823a779fcdd489173f938e91a
30f8368cbe26939fe8a6e8b7ce72ef49cf4f241a,6364fdaa0a0eccd823a779fcdd489173f938e91a
a86a21f10535afdcc9b1ce858adec763468bb55c,6364fdaa0a0eccd823a779fcdd489173f938e91a
465c25390bdd6a106319dffd955390680bb6225a,6364fdaa0a0eccd823a779fcdd489173f938e91a
64bcc40e81787dd67f711d0a919b80000fe8fd86,6364fdaa0a0eccd823a779fcdd489173f938e91a
f281ce9fc0854814634f56f49312c92c0c580176,6364fdaa0a0eccd823a779fcdd489173f938e91a
79124fc6affef293106950938b465573b15b2e6e,6364fdaa0a0eccd823a779fcdd489173f938e91a
665a13c9044533358f1187275cc390496b87ab89,6364fdaa0a0eccd823a779fcdd489173f938e91a
5588e943742454b82444f2b800034cc11f8cb1ae,6364fdaa0a0eccd823a779fcdd489173f938e91a
02810e811797ce02faaffdb3cd2d097e1ba7e091,6364fdaa0a0eccd823a779fcdd489173f938e91a
6ba25e858e51850162bc1fe0f075c75e959db623,6364fdaa0a0eccd823a779fcdd489173f938e91a
8870604944c0311f20221b31b44fc0be10b91353,6364fdaa0a0eccd823a779fcdd489173f938e91a
13897aff4bb718a1a31f736bc53ced817b956b62,6364fdaa0a0eccd823a779fcdd489173f938e91a
1d614c9e921786a08602c64161b3bf40d592d378,6364fdaa0a0eccd823a779fcdd489173f938e91a
24f8f46be635b144207b1f3be728b396d834c665,6364fdaa0a0eccd823a779fcdd489173f938e91a
a7ff5da0989b22a770d4c21d4c38ceeb257a37ab,6364fdaa0a0eccd823a779fcdd489173f938e91a
efbecfbc1507d1e1eaeb24041bf6657d9732b520,6364fdaa0a0eccd823a779fcdd489173f938e91a
b7727913f35f2d5fbac460b1907d7d51c2dd2213,6364fdaa0a0eccd823a779fcdd489173f938e91a
bfba2b86926129d554aa79dd13fb68370af6a0ad,6364fdaa0a0eccd823a779fcdd489173f938e91a
5a89872997ebadb39ba5a18c703c5a192aa433ef,6364fdaa0a0eccd823a779fcdd489173f938e91a
ea0d6a92fdd78bcadac306b0d76f065f775a5d1e,6364fdaa0a0eccd823a779fcdd489173f938e91a
bbbf8f3e4c4356615a45e34f35269e84a5cd47e9,6364fdaa0a0eccd823a779fcdd489173f938e91a
98deb9dd101de2eb359b2b9fe97ce80eb2dff952,6364fdaa0a0eccd823a779fcdd489173f938e91a
e0749625be2309f4cc8e6a095b53f972865a34ce,6364fdaa0a0eccd823a779fcdd489173f938e91a
5640347f9c1d1ab744a95e4de023f0f1a4ca5e7f,6364fdaa0a0eccd823a779fcdd489173f938e91a
e80d2b305f7bb2b1445851f2b23755c257c7d31b,6364fdaa0a0eccd823a779fcdd489173f938e91a
a58ad5a117957690d6a0f9354027fe0ebdcbaf86,6364fdaa0a0eccd823a779fcdd489173f938e91a
4eba046e8baf6097f37da591729b9ab5165fc253,6364fdaa0a0eccd823a779fcdd489173f938e91a
74d4aa36fc3e976a51fa864f7a6a0ba5b16a38d3,6364fdaa0a0eccd823a779fcdd489173f938e91a
e5821fe6316cf608b9a46c867e69533b67885f59,6364fdaa0a0eccd823a779fcdd489173f938e91a
8856a661cb06274852b3f0d4ae58f1ea32709d85,6364fdaa0a0eccd823a779fcdd489173f938e91a
293f08f7820b317308a7faffbf2e2c56eba3e5ba,6364fdaa0a0eccd823a779fcdd489173f938e91a
06e6d6c8f2b87e87653527a4fc1319e16c17018e,6364fdaa0a0eccd823a779fcdd489173f938e91a
e87582f885e3223e963b0263e970697b8e489cef,6364fdaa0a0eccd823a779fcdd489173f938e91a
6f153e4df4cb48efd25aeb116c3dd9f329e41da0,6364fdaa0a0eccd823a779fcdd489173f938e91a
ab14eef3dc88bd7cca0ec0c37fa0fb47768c494e,6364fdaa0a0eccd823a779fcdd489173f938e91a
af4fd039588691bfc9dfe3f1ddc8d68176ae13b3,6364fdaa0a0eccd823a779fcdd489173f938e91a
d4e8b9144ab96ebde1c64407ca66ecc9705a1cb7,6364fdaa0a0eccd823a779fcdd489173f938e91a
062a05cddd3e4236dcc705e17d7a13140f65e59d,6364fdaa0a0eccd823a779fcdd489173f938e91a
06dba3977ce4bb4eee58b347bba340056f00a1ec,6364fdaa0a0eccd823a779fcdd489173f938e91a
785b4bd1dc4fbceb86163c48582a0787f0843210,6364fdaa0a0eccd823a779fcdd489173f938e91a
ca80e6fe4c0793664d8a1e82e46cb6a1779e3111,6364fdaa0a0eccd823a779fcdd489173f938e91a
af89d9c698a32e4ccffeb0aaa46af1e5b56c7665,6364fdaa0a0eccd823a779fcdd489173f938e91a
a4fd13b183165ff827791b927f1c1394754acdd2,6364fdaa0a0eccd823a779fcdd489173f938e91a
0306c63bcc843bd7d14888aa0403d13eb85764a8,6364fdaa0a0eccd823a779fcdd489173f938e91a
5814a46c3dc77d4dc02305cdfe806d50dc91bd55,6364fdaa0a0eccd823a779fcdd489173f938e91a
48c3e5691700d1f573c590482e46c96cb4d29537,6364fdaa0a0eccd823a779fcdd489173f938e91a
124d0176161aa56c1fddea60f3d6e4ecf5b6e782,6364fdaa0a0eccd823a779fcdd489173f938e91a
2b9ac50df34aec271b93e5d9e31f8d56ea66d213,6364fdaa0a0eccd823a779fcdd489173f938e91a
7381cedda16dfacdc6b5fee9c8a2eb25f9b52a57,6364fdaa0a0eccd823a779fcdd489173f938e91a
db41fabc1f4cc90826ecc1f6f603456b2d6f2de1,6364fdaa0a0eccd823a779fcdd489173f938e91a
58a70bfe9cacf456c440aed595f579e3a80e2b45,6364fdaa0a0eccd823a779fcdd489173f938e91a
0cea8f84a3c2a0256b237fff741cf2ee1e2e22ef,6364fdaa0a0eccd823a779fcdd489173f938e91a
d22210c5c30f1b788c63cf3efa66ebf88422da5a,6364fdaa0a0eccd823a779fcdd489173f938e91a
2bff8413551b362212a4cd7a2fbc131e0f79832c,6364fdaa0a0eccd823a779fcdd489173f938e91a
f67cbf7baf51f173952393b614d0c71f106d9586,6364fdaa0a0eccd823a779fcdd489173f938e91a
d95534b665ae2fd6a0ded9faf461bfdd313f9b7b,6364fdaa0a0eccd823a779fcdd489173f938e91a
a97461be5d63bc4ed6d10a3511138d0a283bd6dd,6364fdaa0a0eccd823a779fcdd489173f938e91a
b5bc7378be795ba718b103d5cbe34799fead2286,6364fdaa0a0eccd823a779fcdd489173f938e91a
cfc203dda2e2b27b0d0f53130ab72c0ebbba421c,6364fdaa0a0eccd823a779fcdd489173f938e91a
e34f11c775ff2dd3c67bd9b45b228b8d00e396b2,6364fdaa0a0eccd823a779fcdd489173f938e91a
da5fa92f5f77e31d19e595ca39a76d14231d576c,6364fdaa0a0eccd823a779fcdd489173f938e91a
260e8c7ef875ce015f83efb8d2fa4b7cd2925f67,6364fdaa0a0eccd823a779fcdd489173f938e91a
4404fbf565e5dcae0b18f96d93c8f0954885846d,6364fdaa0a0eccd823a779fcdd489173f938e91a
e36fbf5d6803fdb9c807d1f11fdcf198f1e6330d,6364fdaa0a0eccd823a779fcdd489173f938e91a
855c73eabf91dddd5ca51a2e0db9b9c389003dc5,6364fdaa0a0eccd823a779fcdd489173f938e91a
b80ba3a1ea76ddda05f6f06c26fd51fd8cce3063,6364fdaa0a0eccd823a779fcdd489173f938e91a
82df8628caa262bbc00e91b6fa7ccb98a6771031,6364fdaa0a0eccd823a779fcdd489173f938e91a
10e9ab85c70588c66f6b6e0ee3e924aa838e5a66,6364fdaa0a0eccd823a779fcdd489173f938e91a
6a97511161001bb8ddf21494a0865804c4be7574,6364fdaa0a0eccd823a779fcdd489173f938e91a
7c7b6bf198605e0ef083c0c22904061875ac9f26,6364fdaa0a0eccd823a779fcdd489173f938e91a
56c494994813d31fa03da626e1c441de838b1472,6364fdaa0a0eccd823a779fcdd489173f938e91a
4bbe912d6e04688b8567df6215b72e4389abf774,6364fdaa0a0eccd823a779fcdd489173f938e91a
b3115207ff389160238dad78fea475aef452571a,6364fdaa0a0eccd823a779fcdd489173f938e91a
f5ec160d94e78e1aac318343a6c1cbe9cfc64d0c,6364fdaa0a0eccd823a779fcdd489173f938e91a
35b8e63346af8dbf56a4c0abfe438ad361c1ed54,6364fdaa0a0eccd823a779fcdd489173f938e91a
6f99f714d1e4abf2b65985f5b4b253a6839ce885,6364fdaa0a0eccd823a779fcdd489173f938e91a
833a0cf5d9b8cb2f766340bdf99ae6f8ecb398f5,6364fdaa0a0eccd823a779fcdd489173f938e91a
39aa656b6351800b6973a8daf8ca48dd478c34b8,6364fdaa0a0eccd823a779fcdd489173f938e91a
7be151169f886a8582d5159d1388d89bbf80126c,6364fdaa0a0eccd823a779fcdd489173f938e91a
ed6fa52fcd1c59d675fb59af6739a0516cd95e3e,6364fdaa0a0eccd823a779fcdd489173f938e91a
d073872a30b16e9cfac5b19a35b1e0a9378dcfd6,6364fdaa0a0eccd823a779fcdd489173f938e91a
714e74615f347285e5765efd7f42df92b30d36bf,6364fdaa0a0eccd823a779fcdd489173f938e91a
1979a877b908025cb9b6051fa87de7d52e9212ec,6364fdaa0a0eccd823a779fcdd489173f938e91a
c6d04f7d594b0a4e847470901418262700d7af46,6364fdaa0a0eccd823a779fcdd489173f938e91a
7ea669220a2fd1511654ffb7da31dcccd29ea0f0,6364fdaa0a0eccd823a779fcdd489173f938e91a
fb1ce72f66ffc2d2cedfc048fec40afb48b54857,6364fdaa0a0eccd823a779fcdd489173f938e91a
e6bc874cd55a673a3d8f1290fd35ae18cd02eacf,6364fdaa0a0eccd823a779fcdd489173f938e91a
d26fee1e36613cec18e79abbace5b76f31214128,6364fdaa0a0eccd823a779fcdd489173f938e91a
8fd6f193c249b527f3753ef7489e0b731255ff3e,6364fdaa0a0eccd823a779fcdd489173f938e91a
29c90ab3ead2f090667fbe79e1c0e32242c369f4,6364fdaa0a0eccd823a779fcdd489173f938e91a
30dc60c6300b81274e4c1762f537929bc993b29c,6364fdaa0a0eccd823a779fcdd489173f938e91a
e12be2c2ce1f9801251c42f28a9fe227a19422d9,6364fdaa0a0eccd823a779fcdd489173f938e91a
183b7c6caece95806ad705c1efe658396a0ecae5,6364fdaa0a0eccd823a779fcdd489173f938e91a
6f450485d2646c50944b0b64751c95c60f21a70e,6364fdaa0a0eccd823a779fcdd489173f938e91a
4fa503c0e14a3e679407b2900ee11529a4b6d41d,6364fdaa0a0eccd823a779fcdd489173f938e91a
1df60ff49f08d3bc76aa0c8e48cf671e6bd3becc,6364fdaa0a0eccd823a779fcdd489173f938e91a
2b1fc40f540404fca1542a47236585d5b7b3e461,6364fdaa0a0eccd823a779fcdd489173f938e91a
a041956318e33e900d36778f5cdaf9bcb0901cac,6364fdaa0a0eccd823a779fcdd489173f938e91a
f2d5da2d84b95279f1045873bf1f16d51686c319,6364fdaa0a0eccd823a779fcdd489173f938e91a
27ea1981a560dc24b7347089f09024922561a41d,6364fdaa0a0eccd823a779fcdd489173f938e91a
e6047a8098e1581c7300723dc5847646c5f7844f,6364fdaa0a0eccd823a779fcdd489173f938e91a
0595d58eb4aea0d0d2abf35f948a8212ce5247b0,6364fdaa0a0eccd823a779fcdd489173f938e91a
077d7775ad8b1c0fc853203b1dbe11a9e36bbebb,6364fdaa0a0eccd823a779fcdd489173f938e91a
ad9b87e4bcfe22e56dadd62b963a43f03f273a5b,6364fdaa0a0eccd823a779fcdd489173f938e91a
39f55a235dda60ef0e55a547894409896e8db3d3,6364fdaa0a0eccd823a779fcdd489173f938e91a
5e02abfe56338520c109fa0f00e0b009c0588352,6364fdaa0a0eccd823a779fcdd489173f938e91a
0c91360a83dabb6a55eb880858ffe96dac995f22,6364fdaa0a0eccd823a779fcdd489173f938e91a
75e38f51bfe110c3857582788408524e7b35cfa2,6364fdaa0a0eccd823a779fcdd489173f938e91a
ee6923ac9f94ace6c28be4e8a8cfd43b521a69fd,6364fdaa0a0eccd823a779fcdd489173f938e91a
567196e86b6f4b9376d82f78f70f945402b406f4,6364fdaa0a0eccd823a779fcdd489173f938e91a
d62d11c999fc81efde020cc8a8c50fd69e76c47d,6364fdaa0a0eccd823a779fcdd489173f938e91a
487ad54653a74b99b4351db92f10378a78b8285f,6364fdaa0a0eccd823a779fcdd489173f938e91a
fbf5821b152151eddbb68bab86f38ff01361ceee,6364fdaa0a0eccd823a779fcdd489173f938e91a
4d7b91f9c482521e5995a2dda493d46e4d4e8bd1,6364fdaa0a0eccd823a779fcdd489173f938e91a
de161eec49c454f4ea248c1f50a3362f6375ca5c,6364fdaa0a0eccd823a779fcdd489173f938e91a
f2fed92aa009d783cb8d7e4660fb6bec11a77d29,6364fdaa0a0eccd823a779fcdd489173f938e91a
343cf96991018bf00d256ebe94ec45a7cc502668,6364fdaa0a0eccd823a779fcdd489173f938e91a
d17d6d782c5c5af306f921316d1718c8c650a45a,6364fdaa0a0eccd823a779fcdd489173f938e91a
fb309c85c75a18b1db2cbf320aa37c4b756c5fe3,6364fdaa0a0eccd823a779fcdd489173f938e91a
9ea5c377e4d879adb7f6101ce970d9488b663cf1,6364fdaa0a0eccd823a779fcdd489173f938e91a
79422806500bb23bd25e96c568ffb109a6f7aa1a,6364fdaa0a0eccd823a779fcdd489173f938e91a
8475771f7bf46631c7476a8a17df043b39f92e31,6364fdaa0a0eccd823a779fcdd489173f938e91a
920476d15dbc5f402e8684269a49e5790ec49704,6364fdaa0a0eccd823a779fcdd489173f938e91a
417287bceb0cf8923461f6b02e1a2ab80083973d,6364fdaa0a0eccd823a779fcdd489173f938e91a
2d63ff543d948c4ce86bea7b5c60c041995bb958,6364fdaa0a0eccd823a779fcdd489173f938e91a
c3cf32eef8eeac21ae0449357140f1e81a2d0b12,6364fdaa0a0eccd823a779fcdd489173f938e91a
947e53b51bcd81dfb3e37d0733d0e315ad8ca750,6364fdaa0a0eccd823a779fcdd489173f938e91a
b841a43d24b2a716cc450aef7cb615a4da95231e,6364fdaa0a0eccd823a779fcdd489173f938e91a
a823ef78f72b3deec17e411162c963f9535754fc,6364fdaa0a0eccd823a779fcdd489173f938e91a
c381ed151e55afef4cbdc8d8481422755f634b5b,6364fdaa0a0eccd823a779fcdd489173f938e91a
5ca7bdab9e2b419ca0d93b7dde6462c13a0d014c,6364fdaa0a0eccd823a779fcdd489173f938e91a
9474fdace369ce8fcf7d339e8e9e9ede3e0208e8,6364fdaa0a0eccd823a779fcdd489173f938e91a
c5cff214a6705c92ab01870bbe9e414a21a4962f,6364fdaa0a0eccd823a779fcdd489173f938e91a
c3df7c0183b44f0573e81fd30e83a731517a9082,6364fdaa0a0eccd823a779fcdd489173f938e91a
47be76e74257f28af80c951643b6a84e748cd0cc,6364fdaa0a0eccd823a779fcdd489173f938e91a
45144a7cd5ea13ef4f49a087274013bab326f06f,6364fdaa0a0eccd823a779fcdd489173f938e91a
664dae48e45b3b8acb2695ca55f1a39b0b80f6b9,6364fdaa0a0eccd823a779fcdd489173f938e91a
0df8b812debf8116f259498b69f0ffa0ffa813bb,6364fdaa0a0eccd823a779fcdd489173f938e91a
d0fbab21eb4cb6ebe5ed9050bb2afcab58545b64,6364fdaa0a0eccd823a779fcdd489173f938e91a
3015fcb238ab854a95098cec37f31d61d5e1e5a8,6364fdaa0a0eccd823a779fcdd489173f938e91a
0835098cb8a285c857642851e327950a6a98e14d,6364fdaa0a0eccd823a779fcdd489173f938e91a
e48adf930e776b6a56e3389de32f99d43f10c600,6364fdaa0a0eccd823a779fcdd489173f938e91a
20246e2cd349cf0894c55fbb96d69f447a4c7152,6364fdaa0a0eccd823a779fcdd489173f938e91a
d4fbd59cae9785c22e1c3bea1197fb0569e1253d,6364fdaa0a0eccd823a779fcdd489173f938e91a
bae67175ccb65062eeb3950feab0047b6703f4e0,6364fdaa0a0eccd823a779fcdd489173f938e91a
cef58908b4e6167f1f7410220ae3042c188181d8,6364fdaa0a0eccd823a779fcdd489173f938e91a
d63bf9b583f56cc19c6d96b52d2574ddd1adceb0,6364fdaa0a0eccd823a779fcdd489173f938e91a
eec5ed04297574c9b97d4e225bd02853c7580c3f,6364fdaa0a0eccd823a779fcdd489173f938e91a
633767f62cd08c332a6066e7da2ddf63ad63997a,6364fdaa0a0eccd823a779fcdd489173f938e91a
5a2aeda240a24479b09947ffc7d13feff1907342,6364fdaa0a0eccd823a779fcdd489173f938e91a
87bab99a86199b70078b066faa9653a253ae63c3,6364fdaa0a0eccd823a779fcdd489173f938e91a
a544159550238bfc88915d8ff7f192df04a018bc,6364fdaa0a0eccd823a779fcdd489173f938e91a
5999ab980c1d5045c205a7c3d084658cbe84762d,6364fdaa0a0eccd823a779fcdd489173f938e91a
672484686296b1aaf3a56e8057117a081ec5e9c0,6364fdaa0a0eccd823a779fcdd489173f938e91a
e6a8da0d0d40753501ee85c18977403e7342bdfe,6364fdaa0a0eccd823a779fcdd489173f938e91a
e13f4d3dafa77ba6c87d945ea97db541a209db75,6364fdaa0a0eccd823a779fcdd489173f938e91a
bf91a592bdcf08b3059ca955aa2d488f4a92089b,6364fdaa0a0eccd823a779fcdd489173f938e91a
37b07c0fd57274cc18c8e9348a9d08e2d786e6b0,6364fdaa0a0eccd823a779fcdd489173f938e91a
923ff391502903da51e6924c7a112e59bc8b266d,6364fdaa0a0eccd823a779fcdd489173f938e91a
2d7ba87e5106bd8e889463a2f6a0b2d6c487b0b1,6364fdaa0a0eccd823a779fcdd489173f938e91a
7a95e60e34724a53d5e225ccb1f228bd81c246a4,6364fdaa0a0eccd823a779fcdd489173f938e91a
20cf0d44c0d7d8e972ba012da7e643544e5aef45,6364fdaa0a0eccd823a779fcdd489173f938e91a
000ed5394ebb7546db7686ae9fea0339ac2dc8ee,6364fdaa0a0eccd823a779fcdd489173f938e91a
2b16baa58bcf7c3f8d6f5bb28fadad51eeb11ebe,6364fdaa0a0eccd823a779fcdd489173f938e91a
f15192f8f285a5a1e1901903f0b799a2c23bc708,6364fdaa0a0eccd823a779fcdd489173f938e91a
c8feab18eb954b8786424f7dde4768d423db06d8,6364fdaa0a0eccd823a779fcdd489173f938e91a
7cd87469dbb0ff00d994656b490c9517c84dfa80,6364fdaa0a0eccd823a779fcdd489173f938e91a
9b0a12d1641d92469426d6c19b5e90cb06de2896,6364fdaa0a0eccd823a779fcdd489173f938e91a
e9e6d338b2f002f7d13f10cbb04e45dd6d550480,6364fdaa0a0eccd823a779fcdd489173f938e91a
575e20bdade3c39525cc707d063f60686e6b4dec,6364fdaa0a0eccd823a779fcdd489173f938e91a
48d0a3233926514a2190851aeb30ced258cd9855,6364fdaa0a0eccd823a779fcdd489173f938e91a
4659a687cd5c6dd0d105b41512a7f7c724109a92,6364fdaa0a0eccd823a779fcdd489173f938e91a
90e6c9fa09e0e0e2274d5d0e80f735e2cbf159cf,6364fdaa0a0eccd823a779fcdd489173f938e91a
fdbb965cb1bcf4308e7c453b9142996f0cf1caff,6364fdaa0a0eccd823a779fcdd489173f938e91a
b4ab303dfef3476dc192d941d21b906bdc6f3783,6364fdaa0a0eccd823a779fcdd489173f938e91a
ee577201ef3046616527a5afcf1768bcfad55b97,6364fdaa0a0eccd823a779fcdd489173f938e91a
3d352d8e0a7695dc421200d618d98d513f6a5bdb,6364fdaa0a0eccd823a779fcdd489173f938e91a
87e8d2eb37a23a419e5fa01b9e3a2ced9302fe55,6364fdaa0a0eccd823a779fcdd489173f938e91a
1e12e905efa5ad3d11e07e47cdd35a0e81d7ab73,6364fdaa0a0eccd823a779fcdd489173f938e91a
e57f49578eb41609cb9868eef05a54099799c648,6364fdaa0a0eccd823a779fcdd489173f938e91a
949d3ac4137e6cef0f0a0bf734eeb83769d97d90,6364fdaa0a0eccd823a779fcdd489173f938e91a
46b56e015992d91f3d5fe8fdd298712369ed13d2,6364fdaa0a0eccd823a779fcdd489173f938e91a
bf50a7a927a0a90ccd7a83866271e14d8a428d99,6364fdaa0a0eccd823a779fcdd489173f938e91a
332d22cd762dcf7ec648f22b944ffdf91d64f969,6364fdaa0a0eccd823a779fcdd489173f938e91a
09059d7b2632de162780042dbb6019dd82641468,6364fdaa0a0eccd823a779fcdd489173f938e91a
d3ea72d2f0a28d7874d7e2c3791f8dac98a0a8ec,6364fdaa0a0eccd823a779fcdd489173f938e91a
d3e5fed436188667eb6d460ec55570abbeb1dece,6364fdaa0a0eccd823a779fcdd489173f938e91a
9dac32ea300d4c54df18cdc2c9375e35aca8da02,6364fdaa0a0eccd823a779fcdd489173f938e91a
ee26ff68d379a33440fa31a22ee5500ad93bfaab,6364fdaa0a0eccd823a779fcdd489173f938e91a
288e822fb6492f32558861305ab01e33b3da2095,6364fdaa0a0eccd823a779fcdd489173f938e91a
2e3bf43d8d4207471ed5f9310e06f0f760f0b6d9,6364fdaa0a0eccd823a779fcdd489173f938e91a
a2fa15b7cc4f0ca2e6c159c57f947c857b3392c9,6364fdaa0a0eccd823a779fcdd489173f938e91a
b1ddc8a967b0e24d1dcfc0fb34e94906a82488f4,6364fdaa0a0eccd823a779fcdd489173f938e91a
4d5ad1a2c9744d28da3bfb0d9c5a358b26db08c2,6364fdaa0a0eccd823a779fcdd489173f938e91a
0204f41c4a73423230fb0de714d47eeaaf8c2cb1,6364fdaa0a0eccd823a779fcdd489173f938e91a
d93e03761a3ca7ca125087861fb51352ff138f3d,6364fdaa0a0eccd823a779fcdd489173f938e91a
474ebeeea1562bacc7076ad5ef4c0121fa123f09,6364fdaa0a0eccd823a779fcdd489173f938e91a
4a8016e9f3bc1739fe8f2b33d3eaafc6c768b177,6364fdaa0a0eccd823a779fcdd489173f938e91a
1613b12057b48672e2f203538daaf9ad41892f97,6364fdaa0a0eccd823a779fcdd489173f938e91a
1179dd344ba94b50e7b39c16f4a8ff6a011b1b8c,6364fdaa0a0eccd823a779fcdd489173f938e91a
c859d0e19d5e68a1a3c07ffd64ec9024aee98155,6364fdaa0a0eccd823a779fcdd489173f938e91a
b51a690e80ed8e8abdeaa40438bf6ef929fb8a3c,6364fdaa0a0eccd823a779fcdd489173f938e91a
e98de95ac5a62536b1e5a173dd566be0da0369ef,6364fdaa0a0eccd823a779fcdd489173f938e91a
9b1114f768d5223f7cd646ca840a2f5fcf157b26,6364fdaa0a0eccd823a779fcdd489173f938e91a
e368b9e2c17f4b3f07109905e3b196015df56d24,6364fdaa0a0eccd823a779fcdd489173f938e91a
7c14ad8877953c0356e96c9dfb190f679fbd20bf,6364fdaa0a0eccd823a779fcdd489173f938e91a
0526330a9c3ef5d445f134a1642766a1b43fd68b,6364fdaa0a0eccd823a779fcdd489173f938e91a
2cd631ce4c6da0542c06c6d5050ab6ebf8d2accb,6364fdaa0a0eccd823a779fcdd489173f938e91a
9279c4f2022fe9388fc45d67f093de7dcccbc46b,6364fdaa0a0eccd823a779fcdd489173f938e91a
5a0f311fe66ac466a65ca01ad3e4b5f83df7c612,6364fdaa0a0eccd823a779fcdd489173f938e91a
2c2b08e7dc8ffb2855bfcd13ea96f94f43f0ad4b,6364fdaa0a0eccd823a779fcdd489173f938e91a
6a63bcb48a616dbdcd1f87d937ad58e8b970c8a2,6364fdaa0a0eccd823a779fcdd489173f938e91a
4327cec9b9c1ba6ab129cb50e67d1d4edd3c8138,6364fdaa0a0eccd823a779fcdd489173f938e91a
e0bbc7d54b1e2f528c64815335cc1fef0f681bdb,6364fdaa0a0eccd823a779fcdd489173f938e91a
cbdf5fafbd7a6bc0c18ba1523b11afa01e2ca46d,6364fdaa0a0eccd823a779fcdd489173f938e91a
272251abd1e9fe3b9e4fb615d3ae5c8247d943d0,6364fdaa0a0eccd823a779fcdd489173f938e91a
3a2e492463eccde101b5460c06180b82448b4440,6364fdaa0a0eccd823a779fcdd489173f938e91a
0fab5da5e0b27a9c7e59e542bf9228bbd4aa68ec,6364fdaa0a0eccd823a779fcdd489173f938e91a
d155d95f1a2ed6d17d647d4d53085601c706c6f9,6364fdaa0a0eccd823a779fcdd489173f938e91a
ded2d94600e354eeb4e89bce350da23262515f05,6364fdaa0a0eccd823a779fcdd489173f938e91a
366b5f006a21ec2a570c65b9d33c9fcb3a84bc24,6364fdaa0a0eccd823a779fcdd489173f938e91a
b0e9935e89693dc218dd2950f15cfe998e28212e,6364fdaa0a0eccd823a779fcdd489173f938e91a
bafaaa58bed64b0db4bc331a59717333f4793f88,6364fdaa0a0eccd823a779fcdd489173f938e91a
53b4c38fd1074d32c34d05a36f371286cfed4674,6364fdaa0a0eccd823a779fcdd489173f938e91a
60add9b28ff41df9253d08e6a09c8655a8f09cc3,6364fdaa0a0eccd823a779fcdd489173f938e91a
0701e1fb36d4ffa517cb007306108bcc98d3031e,6364fdaa0a0eccd823a779fcdd489173f938e91a
3bec53475c1ff47c6f6abce6ac48c178ee249f76,6364fdaa0a0eccd823a779fcdd489173f938e91a
50730d9a9c0d8b7c2fd81bdf16a305d941b4ef6e,6364fdaa0a0eccd823a779fcdd489173f938e91a
ed1a5e9e6c07729a6e71bc20667af092ae2e89e1,6364fdaa0a0eccd823a779fcdd489173f938e91a
8c1cb2d1f89f99b802007dcd530cebbac2685d72,6364fdaa0a0eccd823a779fcdd489173f938e91a
157e7061f8f7d87e778217f853deb0d04c845c08,6364fdaa0a0eccd823a779fcdd489173f938e91a
c93e2abd3a9c77be2f02eff28aff294f0df4a343,6364fdaa0a0eccd823a779fcdd489173f938e91a
ae29ae21d9ec5a1a9b0e6222f0aaf1ea7031245c,6364fdaa0a0eccd823a779fcdd489173f938e91a
423a9fcc509a20acd9db22ddc67fced4ed68f788,6364fdaa0a0eccd823a779fcdd489173f938e91a
2eab39861603711d06c2b65ab03191b62612f8fc,6364fdaa0a0eccd823a779fcdd489173f938e91a
dde5a552b8a0565d016afee2951cd7a21a71e0e5,6364fdaa0a0eccd823a779fcdd489173f938e91a
fda29e15714a0fefdf131b203e478137ec6019e0,6364fdaa0a0eccd823a779fcdd489173f938e91a
c7290eb43917d582861513d736374d1834f503f6,6364fdaa0a0eccd823a779fcdd489173f938e91a
a443142d06d2d7710e806a1110df00a48c9879f9,6364fdaa0a0eccd823a779fcdd489173f938e91a
ae246c9422933b85495b0244738b1de2f4ca40ac,6364fdaa0a0eccd823a779fcdd489173f938e91a
3294409a263483bc90621eb6a834eba27a6a85cd,6364fdaa0a0eccd823a779fcdd489173f938e91a
067f061b7472693a3ace284d668ad3f694024ff1,6364fdaa0a0eccd823a779fcdd489173f938e91a
79c612da911794d09bd435d1871ae573299c1c8e,6364fdaa0a0eccd823a779fcdd489173f938e91a
4bbeaaac13c4720b8d5f6a78128eb58410928eb5,6364fdaa0a0eccd823a779fcdd489173f938e91a
9f24d36a34a8a1bc5d6f439a157d9090e1658ac2,6364fdaa0a0eccd823a779fcdd489173f938e91a
1039f7f391a6138ece90b556ac46feb134dea6db,6364fdaa0a0eccd823a779fcdd489173f938e91a
570e95840a93f1899a9a4e5e0dfe3fc2b3744c68,6364fdaa0a0eccd823a779fcdd489173f938e91a
a8c85eb0869282f62accc43f2e509162a30d266b,6364fdaa0a0eccd823a779fcdd489173f938e91a
8452d689a4e0771d68686c8c75f7446a9f1696a3,6364fdaa0a0eccd823a779fcdd489173f938e91a
e6cc25a6562cc187185307602ee6cecdf6113942,6364fdaa0a0eccd823a779fcdd489173f938e91a
28469527a61dc118617097046c8df6fffaff24f2,6364fdaa0a0eccd823a779fcdd489173f938e91a
01664396fcfc95154f5e7f5f3aaba7ad2ce04609,6364fdaa0a0eccd823a779fcdd489173f938e91a
59b949124e25bb9173a014d5d007657883cff75a,6364fdaa0a0eccd823a779fcdd489173f938e91a
19b60fbca8927bf1bc55f7a5724ef5335042a488,6364fdaa0a0eccd823a779fcdd489173f938e91a
f69084a4cdba044835ade25accac5af1e82952eb,6364fdaa0a0eccd823a779fcdd489173f938e91a
31839391b7db67fb992ed8e9075b3655f89b3d2d,6364fdaa0a0eccd823a779fcdd489173f938e91a
762cc116a9e057ccad036f4d073c37834218cc2f,6364fdaa0a0eccd823a779fcdd489173f938e91a
0f3b0ccde76e3c35dd1e38bef08941a2b3cbcff3,6364fdaa0a0eccd823a779fcdd489173f938e91a
02a509ecb749f34af6415314475ff06b3d6b3a1d,6364fdaa0a0eccd823a779fcdd489173f938e91a
147a4595b6161429b2f5e808eaf5ac39b05e77d5,6364fdaa0a0eccd823a779fcdd489173f938e91a
ba5ca9bc3abde1dca6150e50348e85983165ed3d,6364fdaa0a0eccd823a779fcdd489173f938e91a
9de8b1875925d7e56b0afc5ed9778d803e726f84,6364fdaa0a0eccd823a779fcdd489173f938e91a
4679d9603dfccdf700c4438080e2f97355a7021c,6364fdaa0a0eccd823a779fcdd489173f938e91a
f9b61d32cc71712d732ca7d3d3b0384c27adf035,6364fdaa0a0eccd823a779fcdd489173f938e91a
496a3c0deabf3dbd321f607554c302ec07d0f59b,6364fdaa0a0eccd823a779fcdd489173f938e91a
63d509d47c8226c92b0274cac330dba779e4a25a,6364fdaa0a0eccd823a779fcdd489173f938e91a
c25fdb282215e350691931a9b1cb1e78d667843c,6364fdaa0a0eccd823a779fcdd489173f938e91a
77f335df36a4660bee130ef4530b60dd50c044c0,6364fdaa0a0eccd823a779fcdd489173f938e91a
d8c1d58bbd008e1b5e13798e0410f8e27cbf9d1a,6364fdaa0a0eccd823a779fcdd489173f938e91a
41192391a7496c8a7d35bd5500c1b24fc98594e3,6364fdaa0a0eccd823a779fcdd489173f938e91a
ba02cfb5d68a2bd05c34b1dca3562929444f7359,6364fdaa0a0eccd823a779fcdd489173f938e91a
9866ceff1c82df56e31f376bd6ac159eea275fa6,6364fdaa0a0eccd823a779fcdd489173f938e91a
fcc3220a8b3c4c02622310eccc4234ed5410c6c3,6364fdaa0a0eccd823a779fcdd489173f938e91a
a424099e56d3b5971ea74a7ba97d9e5367492044,6364fdaa0a0eccd823a779fcdd489173f938e91a
5232b507139e329ac5cbfd305381edc6784ab3d3,6364fdaa0a0eccd823a779fcdd489173f938e91a
10294ef3c401fd27ae75f0cf13306ea3c0d1483e,6364fdaa0a0eccd823a779fcdd489173f938e91a
999d94690f9529d4cac842bf8a683de76cdbead3,6364fdaa0a0eccd823a779fcdd489173f938e91a
7d6f9b8e258b93896d67ae2a4068132910a2ee45,6364fdaa0a0eccd823a779fcdd489173f938e91a
0d8796ce52c1f551669ec4ffce135b38b8210033,6364fdaa0a0eccd823a779fcdd489173f938e91a
3f7bbe3578def658d377d46c071dec33c29a13ed,6364fdaa0a0eccd823a779fcdd489173f938e91a
bfa056f5ca17a56113b88845e0fce15dda3d983e,6364fdaa0a0eccd823a779fcdd489173f938e91a
c67f1de5111492676de93b1d6ef043e627f2029b,6364fdaa0a0eccd823a779fcdd489173f938e91a
5eae9e0d52ad83f19acfff0e548de3ea66d604a0,6364fdaa0a0eccd823a779fcdd489173f938e91a
651304b9f73fbdc5c656ff5c2a15965c64118569,6364fdaa0a0eccd823a779fcdd489173f938e91a
294d4254c1171b14261283aac7c5137002fb388f,6364fdaa0a0eccd823a779fcdd489173f938e91a
12f1c6d6326694ba13b3ffce302defd37d285a4f,6364fdaa0a0eccd823a779fcdd489173f938e91a
d800ac313e250794406570372e351214798deca0,6364fdaa0a0eccd823a779fcdd489173f938e91a
d286ccd5bdc647edd5141e9f7f6168a07ab0c491,6364fdaa0a0eccd823a779fcdd489173f938e91a
9d528e6629d2536b058a5a3348514cffe0f1143c,6364fdaa0a0eccd823a779fcdd489173f938e91a
2a6f207a12d523f2fd97c67955d43bca9e017861,6364fdaa0a0eccd823a779fcdd489173f938e91a
1a3fcc72ca4650c1609c8dbf7dcd001370c2a033,6364fdaa0a0eccd823a779fcdd489173f938e91a
b83e29c598c9fa1543ef58aa91bae6849acde8e8,6364fdaa0a0eccd823a779fcdd489173f938e91a
95085150afbc0d3d9b83b6a8d5c652c25930a1f9,6364fdaa0a0eccd823a779fcdd489173f938e91a
787646635038a927b8dcb397e8a963f02df51f8a,6364fdaa0a0eccd823a779fcdd489173f938e91a
e24a0fb32d98d9e4d9b62948b4f1b33ad4bda4bf,6364fdaa0a0eccd823a779fcdd489173f938e91a
1dfd99379bde416aa211c1314330cc8bdbdf0c5f,6364fdaa0a0eccd823a779fcdd489173f938e91a
b1d032a598635686109e6d0a2a75ebb51393bfed,6364fdaa0a0eccd823a779fcdd489173f938e91a
cc24acef9ef76a288cd045277fa8eec39ac6a0b0,6364fdaa0a0eccd823a779fcdd489173f938e91a
8dc800c05a3af8be021116170e03a1a9c417ec34,6364fdaa0a0eccd823a779fcdd489173f938e91a
1a9f9947cc79a1f542f599553cf0325808528f67,6364fdaa0a0eccd823a779fcdd489173f938e91a
ddf14af4e20c348bb4296848a6446b18055f251a,6364fdaa0a0eccd823a779fcdd489173f938e91a
a2f10f2fa258051d133573925a836ffb36d51a6b,6364fdaa0a0eccd823a779fcdd489173f938e91a
54559dda3d5ceb79d05d5fa02cb71b28f851f0c6,6364fdaa0a0eccd823a779fcdd489173f938e91a
a425be08318d408b695db5cb46461562588b7c91,6364fdaa0a0eccd823a779fcdd489173f938e91a
2095ce4867e6b11276eb6bb9286b7f412355fb0b,6364fdaa0a0eccd823a779fcdd489173f938e91a
c3d74addd39af579a4005cd5fd83223448e2b582,6364fdaa0a0eccd823a779fcdd489173f938e91a
3ab44b5c18f18c343c28712b8eb401e6fae82084,6364fdaa0a0eccd823a779fcdd489173f938e91a
9a4fb367f60e34c40dda7d40e917dd2e36151217,6364fdaa0a0eccd823a779fcdd489173f938e91a
774009b7d279e59d5e78cfa37339069f15d67548,6364fdaa0a0eccd823a779fcdd489173f938e91a
e2fbe56561a1ec0097e41ed052eefaf23d453d76,6364fdaa0a0eccd823a779fcdd489173f938e91a
4539e6f2891de9c7453f1a3fbf83ac1aa7133aa0,6364fdaa0a0eccd823a779fcdd489173f938e91a
9834961581fd1ff7c86d01a3303807574e0a19a8,6364fdaa0a0eccd823a779fcdd489173f938e91a
899b1d7db95aef17965c8fc3285a80b38bf4fd90,6364fdaa0a0eccd823a779fcdd489173f938e91a
bda2a5082c4ac0473c7592bc220442b5f43cfb90,6364fdaa0a0eccd823a779fcdd489173f938e91a
dce8b932bc35c9435bf6447e317688e1157a6364,6364fdaa0a0eccd823a779fcdd489173f938e91a
4360772bc6fbd0a76d30b6ec71dda19b3e8e9032,6364fdaa0a0eccd823a779fcdd489173f938e91a
54fc20a0699c52be8532a9d840e1b8b2d3903168,6364fdaa0a0eccd823a779fcdd489173f938e91a
5eaecea66530f02a680c53ce851f90a2def96463,6364fdaa0a0eccd823a779fcdd489173f938e91a
33fe3e53e3fb54dcce72a93ef25aca2bea6e86a5,6364fdaa0a0eccd823a779fcdd489173f938e91a
1a9353ee5e14a1573bd66264a5a8c1d51443d999,6364fdaa0a0eccd823a779fcdd489173f938e91a
bf86b7125bf3075ffec0cb852031da7eaaebdd75,6364fdaa0a0eccd823a779fcdd489173f938e91a
415daace73fda495670d58a63ee9a7eb0e99b00a,6364fdaa0a0eccd823a779fcdd489173f938e91a
bfdbed0e2fdd57489e4478bead9a37258c1dabaf,6364fdaa0a0eccd823a779fcdd489173f938e91a
727f24cabe86d232ff7e43962721377ef70a7163,6364fdaa0a0eccd823a779fcdd489173f938e91a
6240a75ce6cf127195a6774d52ffed27372a2926,6364fdaa0a0eccd823a779fcdd489173f938e91a
fd37610c71a56816f81f214e08a874f7818aaa06,6364fdaa0a0eccd823a779fcdd489173f938e91a
eef9bd4d35d34610fb7a6cef373d6363aa0f1e5d,6364fdaa0a0eccd823a779fcdd489173f938e91a
425429e059532a7a5876d387cae1a7bedfa6a00e,6364fdaa0a0eccd823a779fcdd489173f938e91a
e0aad9df654cab30a54d409cebea60e47a5f19ef,6364fdaa0a0eccd823a779fcdd489173f938e91a
fe03081747043b94beb3187bdb3e7b8d69d7263c,6364fdaa0a0eccd823a779fcdd489173f938e91a
4a745e483ad41aeda59ffce7561b5e3739a8e1a8,6364fdaa0a0eccd823a779fcdd489173f938e91a
6297952d374d92e92e9330f17d3c114214f050d0,6364fdaa0a0eccd823a779fcdd489173f938e91a
a078b504120ee206d3fe4be09f09ec46d564b799,6364fdaa0a0eccd823a779fcdd489173f938e91a
c8e6c5254a1a979fd3ef53ce9c465380f1ec4022,6364fdaa0a0eccd823a779fcdd489173f938e91a
a085b63acd076e23055b8a1a85c93f82b3cd509b,6364fdaa0a0eccd823a779fcdd489173f938e91a
bd84b0e031bf475b8cfad8f1697b6ff6f9b6f425,6364fdaa0a0eccd823a779fcdd489173f938e91a
cb241a3343e02b745120301f0fc4c0007861febf,6364fdaa0a0eccd823a779fcdd489173f938e91a
74c21a4b60f35e2d6ede2a1cd45816cbbc952e07,6364fdaa0a0eccd823a779fcdd489173f938e91a
92f3724bfc546c9534c0e12e038444992d19792d,6364fdaa0a0eccd823a779fcdd489173f938e91a
1be5a0a36148dff278cd0d97449efcb8d0403bb6,6364fdaa0a0eccd823a779fcdd489173f938e91a
0804818142c9cd8bc4bce34dd23ef2dd68debd1a,6364fdaa0a0eccd823a779fcdd489173f938e91a
c9867ffca8d8457f84e8b984a372b70f118deb7e,6364fdaa0a0eccd823a779fcdd489173f938e91a
2bc085f2bc79b86f0afe99d4c9ca56b66737f786,6364fdaa0a0eccd823a779fcdd489173f938e91a
1b41292e7c63cdaf9f4b80b8a68b72e2cab9233f,6364fdaa0a0eccd823a779fcdd489173f938e91a
d50a6b10f4d115a137c3933fb79a49790f503206,6364fdaa0a0eccd823a779fcdd489173f938e91a
2e2528845343f0c20b84855e950cac95f86a63e5,6364fdaa0a0eccd823a779fcdd489173f938e91a
5d99a81d5638cd81c1f12e41c090ef71b34d2874,6364fdaa0a0eccd823a779fcdd489173f938e91a
fdc01ee80c5589a8367464582e7560b3421d6dc0,6364fdaa0a0eccd823a779fcdd489173f938e91a
2bdd77b74aad789f44394ab575b1367c5879da79,6364fdaa0a0eccd823a779fcdd489173f938e91a
1c34029385776b793ee2cd42ad7580d0d1e19e52,6364fdaa0a0eccd823a779fcdd489173f938e91a
de3e039c5962cf85e907b4e9e112b477add5f282,6364fdaa0a0eccd823a779fcdd489173f938e91a
b8c523bffc776755149f69116c8e74eb7317816f,6364fdaa0a0eccd823a779fcdd489173f938e91a
7ecfa872bdfe7812791ee97727acbf16089298cc,6364fdaa0a0eccd823a779fcdd489173f938e91a
340c8c361fc9c52ed846080347a3e8a2690e0ac4,6364fdaa0a0eccd823a779fcdd489173f938e91a
1a1213d3b4e1a5a57fd69b6226db2f13ce9e5264,6364fdaa0a0eccd823a779fcdd489173f938e91a
4669b7ad0761b171e2d8395966884d6d6c06b4d6,6364fdaa0a0eccd823a779fcdd489173f938e91a
a693fe6a6c2e2ec803f02b946da200b16104f003,6364fdaa0a0eccd823a779fcdd489173f938e91a
dbe421a82e65c970f4330f4abcb0d19dd5379457,6364fdaa0a0eccd823a779fcdd489173f938e91a
854ff051fdcd8a113200031b801d36e67850a7a9,6364fdaa0a0eccd823a779fcdd489173f938e91a
3def990ce3992a734470bfa72c4e7131a360b983,6364fdaa0a0eccd823a779fcdd489173f938e91a
b7c4d099111e56f708d29a616e534315c9691cf5,6364fdaa0a0eccd823a779fcdd489173f938e91a
dd13e08989e8620f566b815f55ce6e98f7513fef,6364fdaa0a0eccd823a779fcdd489173f938e91a
f34877f6c65cf0a8bc45ff83ba745bcbb05ee727,6364fdaa0a0eccd823a779fcdd489173f938e91a
a2ef887448ea70e2091dd26a33672511b52309cb,6364fdaa0a0eccd823a779fcdd489173f938e91a
5b4e505ea19edf143dc9a65d4d61484c2f830359,6364fdaa0a0eccd823a779fcdd489173f938e91a
eee48e47293a6ac1880a49572587c92e6902dd20,6364fdaa0a0eccd823a779fcdd489173f938e91a
73a14075d555cd533604dfcdd1e7bfd31c352209,6364fdaa0a0eccd823a779fcdd489173f938e91a
24caa2363abed290ddcaf23e72aa230006cb2f8b,6364fdaa0a0eccd823a779fcdd489173f938e91a
8330b7c0a378846d513048e2b100d00896de8332,6364fdaa0a0eccd823a779fcdd489173f938e91a
6d120f8f80e69015c7372002d96321b88ab4d20a,6364fdaa0a0eccd823a779fcdd489173f938e91a
d2cfe4bc087269b1db1195de1915ade7f8b4c13c,6364fdaa0a0eccd823a779fcdd489173f938e91a
06d0294b399c2e0f6b100580251e21ab6136dffd,6364fdaa0a0eccd823a779fcdd489173f938e91a
968640e73d26f5035481e5914b163702e528fe45,6364fdaa0a0eccd823a779fcdd489173f938e91a
c1dde3200fbbec225d296eadeb71bb48484857a0,6364fdaa0a0eccd823a779fcdd489173f938e91a
b4410d43bcef5884beec112d70ee9b636f07a41a,6364fdaa0a0eccd823a779fcdd489173f938e91a
8bef84e6eeffe985b048c1007ef67b4480d9ae8d,6364fdaa0a0eccd823a779fcdd489173f938e91a
c38fe5ed54e5b4d29f41a9af32e65572adfe3e8c,6364fdaa0a0eccd823a779fcdd489173f938e91a
65faebd0f895ed03f7579657c69d44d2604cfbf6,6364fdaa0a0eccd823a779fcdd489173f938e91a
26706fc8b88cc4e0400b0dfc2accc70fe37f83b3,6364fdaa0a0eccd823a779fcdd489173f938e91a
e4899199126a145dfede22f11b9f670e0accd207,6364fdaa0a0eccd823a779fcdd489173f938e91a
e1f3917c5cb606e4277830536049b885c9d45a5b,6364fdaa0a0eccd823a779fcdd489173f938e91a
4d918ec0bf4ae97301790fb8b3ae9576fd48d246,6364fdaa0a0eccd823a779fcdd489173f938e91a
a5819666ebd7e65a2c52de3b684a16b1ca5addb9,6364fdaa0a0eccd823a779fcdd489173f938e91a
97317329fab179b38a6580e14b046133a704157d,6364fdaa0a0eccd823a779fcdd489173f938e91a
9edf8f393024ba396a9735d0857d8316482caffb,6364fdaa0a0eccd823a779fcdd489173f938e91a
436a777e8fbc15d2069b35ec1dfbe27ef44226dc,6364fdaa0a0eccd823a779fcdd489173f938e91a
ed68d3a973b55185a55e711b8039dd0425711402,6364fdaa0a0eccd823a779fcdd489173f938e91a
cd4698de98ab0edc14fea7eb3128a33352a87ed9,6364fdaa0a0eccd823a779fcdd489173f938e91a
25dce49b2892d356e61d7fae2aa296c7f3add1b4,6364fdaa0a0eccd823a779fcdd489173f938e91a
5eb43fe0e209959971d9c3f33f3e1cb21ea64a73,6364fdaa0a0eccd823a779fcdd489173f938e91a
fb80db450e5eda720b42570c8318191c4271d858,6364fdaa0a0eccd823a779fcdd489173f938e91a
b79d29bfc2fbb283b27bc1895a9ae02a5f2dc093,6364fdaa0a0eccd823a779fcdd489173f938e91a
fdca8cedaa12ab92641297c770a801714ca41d15,6364fdaa0a0eccd823a779fcdd489173f938e91a
398f8e35003a91a1b535a134714d66fdada8d248,6364fdaa0a0eccd823a779fcdd489173f938e91a
73cc6ab9c1add31f1be61d4e3d7af86601a0eed8,6364fdaa0a0eccd823a779fcdd489173f938e91a
5d98c802e9da660490c767a03b10378718610cba,6364fdaa0a0eccd823a779fcdd489173f938e91a
03f96297f5991431b9091aa8cae643d2e19bd6ea,6364fdaa0a0eccd823a779fcdd489173f938e91a
f084321d8097fabe43d7a2351b8ce8a1923dcb91,6364fdaa0a0eccd823a779fcdd489173f938e91a
24fc2aff9f31f3c51c6bcde69377187a6ddd9788,6364fdaa0a0eccd823a779fcdd489173f938e91a
9d4a8a5a7810c72c7702ed5536b49ffbef783e82,6364fdaa0a0eccd823a779fcdd489173f938e91a
dd166bde6c5661de3bb673351e57f07ebd6bf33c,6364fdaa0a0eccd823a779fcdd489173f938e91a
352c5290986de2abf3c812284a06ff770662344d,6364fdaa0a0eccd823a779fcdd489173f938e91a
15fd1935d5502f355c75a66a8e9b154b60b68634,6364fdaa0a0eccd823a779fcdd489173f938e91a
289ed413a50e837c9be04ab1fe4b085b20c55716,6364fdaa0a0eccd823a779fcdd489173f938e91a
7109a4ae3d1372ab054dfa415853d6fc32254c54,6364fdaa0a0eccd823a779fcdd489173f938e91a
19efa963388dacdb431d59cbdf4ce7246b627aad,6364fdaa0a0eccd823a779fcdd489173f938e91a
299a5508ae440428c9d838327a95fc9ea99e7e37,6364fdaa0a0eccd823a779fcdd489173f938e91a
2bdaeeca93b6d1b1b1f7ce770f23997f719b18b0,6364fdaa0a0eccd823a779fcdd489173f938e91a
a7487066d928b80ada334b39cfc15ecb31df8724,6364fdaa0a0eccd823a779fcdd489173f938e91a
0488570d7d30f43ac4d4ce88ce8fc3887e20fd43,6364fdaa0a0eccd823a779fcdd489173f938e91a
08c2db784cd81063b2ed5d66d175051ccbfee77f,6364fdaa0a0eccd823a779fcdd489173f938e91a
a19991fa83e7f067d2e6fb5a1975efef8fe7b9e9,6364fdaa0a0eccd823a779fcdd489173f938e91a
7879ad31725c69bc081cbd10e80d262d7689ec63,6364fdaa0a0eccd823a779fcdd489173f938e91a
b967402bde3c212cc2786364ae8ad45e19ffa3a4,6364fdaa0a0eccd823a779fcdd489173f938e91a
5c161fe5052da98272471eedd410acf62bbc4785,6364fdaa0a0eccd823a779fcdd489173f938e91a
e2871e9d931af3bf14747cd6598f1c9abe139010,6364fdaa0a0eccd823a779fcdd489173f938e91a
fd6e39bdf459db05c43675290dc01da996221bc4,6364fdaa0a0eccd823a779fcdd489173f938e91a
d47cd4ae9c3705a648f44a4e917ba30b5dd8cd79,6364fdaa0a0eccd823a779fcdd489173f938e91a
6709758f9e00a785cae5ec95b6b37719f8deb4ae,6364fdaa0a0eccd823a779fcdd489173f938e91a
de1930d8857f48d036fa04d4159ad4a5ffc123c5,6364fdaa0a0eccd823a779fcdd489173f938e91a
b958eee12a738ed6e3a6c81269a6db70c0ba0104,6364fdaa0a0eccd823a779fcdd489173f938e91a
d1314a6976db8467178f065235bf3ffd70d47009,6364fdaa0a0eccd823a779fcdd489173f938e91a
24a8c3b122e59814ef9c7e7812286ff771b368bd,6364fdaa0a0eccd823a779fcdd489173f938e91a
8b69fd115cb6d1446a36b2b836f2b10d92a9c9fc,6364fdaa0a0eccd823a779fcdd489173f938e91a
e162b1b97d1d2f4ff16335b4d0143b93b4da72b0,6364fdaa0a0eccd823a779fcdd489173f938e91a
231496b4883f140eedd548400173d4b3a85de717,6364fdaa0a0eccd823a779fcdd489173f938e91a
f5a2070147946f35c743818e3e31ceabf226c18d,6364fdaa0a0eccd823a779fcdd489173f938e91a
e241d694fce37d6f102b5e5e3f51fb2c1b0f4d7d,6364fdaa0a0eccd823a779fcdd489173f938e91a
cff5827f6afb0465e8fce5bc4f750d52b9bb400c,6364fdaa0a0eccd823a779fcdd489173f938e91a
6ac2f66020fc9e72b4e1124fcb34ef0bf439d34f,6364fdaa0a0eccd823a779fcdd489173f938e91a
e5b7ee5514a0825485adc3ea377d1869de11ceb6,6364fdaa0a0eccd823a779fcdd489173f938e91a
538565401e04b83a31b3a8da1b2ef4ab224fb75f,6364fdaa0a0eccd823a779fcdd489173f938e91a
3e692e2667c3a7cb5f9986ab61a2dddb5019f431,6364fdaa0a0eccd823a779fcdd489173f938e91a
ac9782761faed8a29fc10c1e8bbbc8b6cfb1b07d,6364fdaa0a0eccd823a779fcdd489173f938e91a
5aa201d94deeb573cdc4b494d58e7cf120e37723,6364fdaa0a0eccd823a779fcdd489173f938e91a
2d384fa2138e52b6c75466b6219c9805d66bf6a0,6364fdaa0a0eccd823a779fcdd489173f938e91a
ad58248fcb22e603db7b766f9edee2135e4c0e26,6364fdaa0a0eccd823a779fcdd489173f938e91a
bc9be04416b43d44b29e8b28cf7d4dfa48ba3045,6364fdaa0a0eccd823a779fcdd489173f938e91a
1067f1c32f502a5e9453d6ede835131089e049ac,6364fdaa0a0eccd823a779fcdd489173f938e91a
8fc8d79d3f0ac9bec3ad921550d377667de03789,6364fdaa0a0eccd823a779fcdd489173f938e91a
9f0c4f8d39fa3b9bf153974caf91a163c9015b3a,6364fdaa0a0eccd823a779fcdd489173f938e91a
8e74c032a11234d4e98b561681e09185ec84a9f5,6364fdaa0a0eccd823a779fcdd489173f938e91a
a4cf8b64124ab639b3754c967b18548eebf19b1f,6364fdaa0a0eccd823a779fcdd489173f938e91a
740a983111df6c3c28a687779593bdd5d1e0e839,6364fdaa0a0eccd823a779fcdd489173f938e91a
af5147c958536422832754674533c83dd66bb02c,6364fdaa0a0eccd823a779fcdd489173f938e91a
987cc1990726cfded994ec64d8ff78eb2364a464,6364fdaa0a0eccd823a779fcdd489173f938e91a
6520165cbb8e4a0aa31926129ddfed24d9e87821,6364fdaa0a0eccd823a779fcdd489173f938e91a
b19984ae2950f3ef4f8673e93a8e6826e4e7eac2,6364fdaa0a0eccd823a779fcdd489173f938e91a
605ac62a80fdfc5cbc65a91ad09a410bf56da46a,6364fdaa0a0eccd823a779fcdd489173f938e91a
013012619c6001a4609c0061e1c35e36e08cef1e,6364fdaa0a0eccd823a779fcdd489173f938e91a
29601fa47a75acabbe2ec3437f4a8a7c672bc601,6364fdaa0a0eccd823a779fcdd489173f938e91a
56ade8af82326284afffa33cb2b13e497e713895,6364fdaa0a0eccd823a779fcdd489173f938e91a
681e64ff41861d1603952ceb9ce23774d7e7b1e1,6364fdaa0a0eccd823a779fcdd489173f938e91a
069b800a16960e7d4be618432f8abe74f640bf6e,6364fdaa0a0eccd823a779fcdd489173f938e91a
8c8faf1dc458f85a241ee444efaa3286756b891f,6364fdaa0a0eccd823a779fcdd489173f938e91a
dcf7fac663ef10057c549d16e8a648c6660db987,6364fdaa0a0eccd823a779fcdd489173f938e91a
46d4c74e27599886cbf1c3bbbe2d895069ea68d6,6364fdaa0a0eccd823a779fcdd489173f938e91a
c8496d928d85f3106ed4633f3e1db9a8027334c9,6364fdaa0a0eccd823a779fcdd489173f938e91a
b963dcc91be96fa5141e75657608d2ac5b2170a3,6364fdaa0a0eccd823a779fcdd489173f938e91a
dcfa844fca82ad6a0124c57f40cd3cba69419824,6364fdaa0a0eccd823a779fcdd489173f938e91a
54594fe4179f64000c316c027a404a7cc6a43caa,6364fdaa0a0eccd823a779fcdd489173f938e91a
b076638d1ddec1bd76c75ad0118186f3a5239050,6364fdaa0a0eccd823a779fcdd489173f938e91a
e6c1f8270a299586dd8c5379b62616039b0cf977,6364fdaa0a0eccd823a779fcdd489173f938e91a
a1fc5e33a25cbb7f0b1e899a7b03ab714a562344,6364fdaa0a0eccd823a779fcdd489173f938e91a
d88c83f02a941e3fca6f92baa1e7149886ac4ff1,6364fdaa0a0eccd823a779fcdd489173f938e91a
f0abdb05344a5660ff3cb57e120f97219e4facad,6364fdaa0a0eccd823a779fcdd489173f938e91a
d6d0ae79503d69571c34bf1ee0f438ac2f39f19a,6364fdaa0a0eccd823a779fcdd489173f938e91a
7519ce844090db7c1aea871a53ba3d2179762629,6364fdaa0a0eccd823a779fcdd489173f938e91a
8b0c14d766bd537ecaf96f9ad60bfe9a7006b1d9,6364fdaa0a0eccd823a779fcdd489173f938e91a
6c9d02f754a83ac2f7dbefe7623fb8f771ce7b7b,6364fdaa0a0eccd823a779fcdd489173f938e91a
6cbe0460b87ae57b131a10af26b1fe5dbacb32fc,6364fdaa0a0eccd823a779fcdd489173f938e91a
a7ce473d5987b5dabe245b5772de28ea2da1758e,6364fdaa0a0eccd823a779fcdd489173f938e91a
41b7824d63c5640705c985980d8239ac61154ada,6364fdaa0a0eccd823a779fcdd489173f938e91a
8a7f7c64820ef578c4ebef4c27aa7a506a5b1a2b,6364fdaa0a0eccd823a779fcdd489173f938e91a
b7d4623d75b7fb9b20892a23dc544268cd6e1062,6364fdaa0a0eccd823a779fcdd489173f938e91a
26293b3280ecd94384589a9ee21e5deb7f094bd3,6364fdaa0a0eccd823a779fcdd489173f938e91a
68728afa413a9a63f0a52546e684a5a92b6887d3,6364fdaa0a0eccd823a779fcdd489173f938e91a
2083117aef44ac9580cc73291959982f1012bd25,6364fdaa0a0eccd823a779fcdd489173f938e91a
9cc4ad54bfa39fb49dd65a6ca9ff7fe77884831d,6364fdaa0a0eccd823a779fcdd489173f938e91a
be9a4427cdec92540b0c384444ae09090d833672,6364fdaa0a0eccd823a779fcdd489173f938e91a
07ef95aece29cf7256e57ef8e708a136a27b89b2,6364fdaa0a0eccd823a779fcdd489173f938e91a
30f8a3a841b1bc15bc3f7eb7a310a953d8203722,6364fdaa0a0eccd823a779fcdd489173f938e91a
7fb9b283c300d3fb38e2a3a6db06d24c14ee8197,6364fdaa0a0eccd823a779fcdd489173f938e91a
59f08cc3141dfd99d98b063b718416ebfa31a865,6364fdaa0a0eccd823a779fcdd489173f938e91a
9660b2a581cf89d4aa1fccf66d87443bb269268c,6364fdaa0a0eccd823a779fcdd489173f938e91a
8fd2e893c03a9a233401bb806803c9a3e82d81ef,6364fdaa0a0eccd823a779fcdd489173f938e91a
6e31a97cc17e0acba8a98ca6b7985a4b542ab064,6364fdaa0a0eccd823a779fcdd489173f938e91a
882c06129d64c151be6d9d2ee82f46a2ba605b97,6364fdaa0a0eccd823a779fcdd489173f938e91a
bce01745def5eb1907d8abec79a5af9ab2a1ca4f,6364fdaa0a0eccd823a779fcdd489173f938e91a
b538878eafc9172acd2348508adb552ff5ae5587,6364fdaa0a0eccd823a779fcdd489173f938e91a
6995874106a3a32459cf951b75761fcaa73684f6,6364fdaa0a0eccd823a779fcdd489173f938e91a
ab80cd96e21b585cc86d65306dafa9de0e4ca9d0,6364fdaa0a0eccd823a779fcdd489173f938e91a
af7ca5253d26284e97175869fb19c99daa339fc0,6364fdaa0a0eccd823a779fcdd489173f938e91a
ba7c723f21362cb5262a9c2b50ac0ed2a7363755,6364fdaa0a0eccd823a779fcdd489173f938e91a
a8b9c0f619d90e3a7f0766bda57b15ce6b8f356f,6364fdaa0a0eccd823a779fcdd489173f938e91a
7698e47572576bda4412665963941650091d3574,6364fdaa0a0eccd823a779fcdd489173f938e91a
20502a2425f4d422a72983419d5a74d09270d2a1,6364fdaa0a0eccd823a779fcdd489173f938e91a
5927028fc2f53c27af87d0928d1baa43ea1670d9,6364fdaa0a0eccd823a779fcdd489173f938e91a
ab41f04437415e1f7a075ccd9947876dc5652c79,6364fdaa0a0eccd823a779fcdd489173f938e91a
742141151e83ce25fe327b14dc58592f4f4ff85a,6364fdaa0a0eccd823a779fcdd489173f938e91a
1efd4a799d121fd316b91cc88002600176ffd6c2,6364fdaa0a0eccd823a779fcdd489173f938e91a
475279e3d802f2cd4b03d247c5adeeee97098551,6364fdaa0a0eccd823a779fcdd489173f938e91a
6e898973672ea0a33f2efd6bc6cb9825b3658933,6364fdaa0a0eccd823a779fcdd489173f938e91a
c5792fbe8af1d09378fc64238c57b76a1f8f5ef8,6364fdaa0a0eccd823a779fcdd489173f938e91a
6609819577a75fe8d2cdd7743c099b0de11f14de,6364fdaa0a0eccd823a779fcdd489173f938e91a
1f956c8fa7eaf172975f7a6a21c22f3041ffdafa,6364fdaa0a0eccd823a779fcdd489173f938e91a
62b3410a2c1b4067bcb089cb925b08c89fa9b792,6364fdaa0a0eccd823a779fcdd489173f938e91a
b7d818b1d13c43562e2bcfb5930674388cceda8c,6364fdaa0a0eccd823a779fcdd489173f938e91a
1822a9f61dbde2e05994a27fa4ad6a8992a2990b,6364fdaa0a0eccd823a779fcdd489173f938e91a
4d56adc744c8a00d4378a47659521e50745b1ad8,6364fdaa0a0eccd823a779fcdd489173f938e91a
ce44c8bd945b86862a902d71a5b1cc2fa8079a4f,6364fdaa0a0eccd823a779fcdd489173f938e91a
bea1f2ed9af7b818489bdbab6153e3e201a5286d,6364fdaa0a0eccd823a779fcdd489173f938e91a
17b2ba782ec5815cf0b2d3bde727f7aa5b3e58c3,6364fdaa0a0eccd823a779fcdd489173f938e91a
f92675e0bebb3939711705eaf74b5f742713aac2,6364fdaa0a0eccd823a779fcdd489173f938e91a
cf96ad236a3f7b200bad61eb9ca0768e4854c79b,6364fdaa0a0eccd823a779fcdd489173f938e91a
3a0d55723ebd195f0c178ed5ae09f8864b11522c,6364fdaa0a0eccd823a779fcdd489173f938e91a
0a5f903c7c9dd392dfdc0b1bf3ff24996906583a,6364fdaa0a0eccd823a779fcdd489173f938e91a
e6056c8033c9acade96c774517752f4b6cb319db,6364fdaa0a0eccd823a779fcdd489173f938e91a
1433244087b28c8a2d37670493703ca223b5ef2b,6364fdaa0a0eccd823a779fcdd489173f938e91a
f5b8a285d6dc0b0abcecd06d39b97ebaa201e5f5,6364fdaa0a0eccd823a779fcdd489173f938e91a
191ca2866e64bd7d0f382622e9675b0674afe520,6364fdaa0a0eccd823a779fcdd489173f938e91a
91c6fd6af3d5ed581dd8f385dbada45cb8fc79bf,6364fdaa0a0eccd823a779fcdd489173f938e91a
fbcd8a145773ad315d73f5833baa5a75195aa815,6364fdaa0a0eccd823a779fcdd489173f938e91a
ed9f34d0c30871bc66c643ce136b0c74afffe68d,6364fdaa0a0eccd823a779fcdd489173f938e91a
40bc222d97c3f7c3835444bdcb2ee1b9ba77e8c2,6364fdaa0a0eccd823a779fcdd489173f938e91a
9f760b915c69637b8316f45c95c33f91f8bdce37,6364fdaa0a0eccd823a779fcdd489173f938e91a
c4195f4e6d00e0a732834161bfa68a3f205012be,6364fdaa0a0eccd823a779fcdd489173f938e91a
81b7c9ec5809f1d3186bfc344157ca79d7a7680d,6364fdaa0a0eccd823a779fcdd489173f938e91a
e9eba31340605e3a1f16eec26e82c0f43fe35d0c,6364fdaa0a0eccd823a779fcdd489173f938e91a
2b813edff35677d70f342c75dba7b0f0447cfee8,6364fdaa0a0eccd823a779fcdd489173f938e91a
1ad616331f183255f695e038c8b6316bbc8acbc5,6364fdaa0a0eccd823a779fcdd489173f938e91a
22ca927cd3a3efb177b0af9cb9bf027fb2509782,6364fdaa0a0eccd823a779fcdd489173f938e91a
ae4df1c0c86949b655342c6e54bdb67fc584e792,6364fdaa0a0eccd823a779fcdd489173f938e91a
c181cd7c9a4885b8aa203ad524e0ad839b3dbb50,6364fdaa0a0eccd823a779fcdd489173f938e91a
bcac8bfc09d088bde8ad37f631fc2270ef26a396,6364fdaa0a0eccd823a779fcdd489173f938e91a
05d97f63080c59e211980d3c60f6f8811c86b418,6364fdaa0a0eccd823a779fcdd489173f938e91a
569769ae420d18f24e8e0d1b20b2353e8c4e56d2,6364fdaa0a0eccd823a779fcdd489173f938e91a
22afd9aba4337af962500d8d34cd37b7cf9f7737,6364fdaa0a0eccd823a779fcdd489173f938e91a
c39457c775e0fdecd3b2fae18d43d729ef643671,6364fdaa0a0eccd823a779fcdd489173f938e91a
e35ca32257d618811d346715a48efb93efd86851,6364fdaa0a0eccd823a779fcdd489173f938e91a
29c14c3eb7594327240d04c16df008190b087339,6364fdaa0a0eccd823a779fcdd489173f938e91a
e387107efbc074a09b15d1a59080704ce6fc91c9,6364fdaa0a0eccd823a779fcdd489173f938e91a
387a3698b591ce32a21604c05d1977848f70911c,6364fdaa0a0eccd823a779fcdd489173f938e91a
24063b9f56b4a30a861e7787a5e1cfeb9535fc24,6364fdaa0a0eccd823a779fcdd489173f938e91a
78b0c0bbc4d9501b3570fc4ff5017d917bf3b2e2,6364fdaa0a0eccd823a779fcdd489173f938e91a
1b2eebb25a523cb45fe930ce76231a4179a1027a,6364fdaa0a0eccd823a779fcdd489173f938e91a
e8a01ea4c272f3f9b9c1909a153c436c2d78053b,6364fdaa0a0eccd823a779fcdd489173f938e91a
95edccce157180c2c2815ac967a50f39f7b20b15,6364fdaa0a0eccd823a779fcdd489173f938e91a
ab2aa7a695d83c83f8bd31c3854aa05e32b8d965,6364fdaa0a0eccd823a779fcdd489173f938e91a
978e4e30faca34e299b2a399de86693e078c8285,6364fdaa0a0eccd823a779fcdd489173f938e91a
25f398f4679d8a20f0b10974c2a81fa53fc73dc1,6364fdaa0a0eccd823a779fcdd489173f938e91a
406b2d8a91b73edf2fb64b656733bad29a07e107,6364fdaa0a0eccd823a779fcdd489173f938e91a
a125b5094d1da4e97f1cca1153442b23b7ac2bc1,6364fdaa0a0eccd823a779fcdd489173f938e91a
be1c441869d249058f6fceaab673226808ba97bd,6364fdaa0a0eccd823a779fcdd489173f938e91a
4a25e1647bd013634c42bb2bda193ed1a2a15c0b,6364fdaa0a0eccd823a779fcdd489173f938e91a
4b2cda846b01007f78fe0c853e2178d71c3dcf89,6364fdaa0a0eccd823a779fcdd489173f938e91a
6b50b4557f5630f6ff15ecbed0f0025e9116f37d,6364fdaa0a0eccd823a779fcdd489173f938e91a
f740464090eedd028d310e0cea91e27a4dc40b7e,6364fdaa0a0eccd823a779fcdd489173f938e91a
62cfbdcec6aaa2428c383b705bdbda98e9cda3bd,6364fdaa0a0eccd823a779fcdd489173f938e91a
66000036d5e2c5f84f4119bc4bc35212ebfb184b,6364fdaa0a0eccd823a779fcdd489173f938e91a
281dde23a3fbd2d3c0470379853ec5ccdd5d4f92,6364fdaa0a0eccd823a779fcdd489173f938e91a
a39e4ecc5bd7960038d30f2ad8672ce8e8a8e431,6364fdaa0a0eccd823a779fcdd489173f938e91a
d72383512da5fd3c743875aea0a49f521adca569,6364fdaa0a0eccd823a779fcdd489173f938e91a
b1a19bc58eeddf0e22e6fd1121a6a9cb1a892c4f,6364fdaa0a0eccd823a779fcdd489173f938e91a
57e0b9d35e9652cdd790ad791a8a1f321a1aa9a5,6364fdaa0a0eccd823a779fcdd489173f938e91a
23777febe7a2105b4209d35f61348ea050cee182,6364fdaa0a0eccd823a779fcdd489173f938e91a
f3d637ea87966d24e394efce75bc05bf5dfb1271,6364fdaa0a0eccd823a779fcdd489173f938e91a
4af38740767b879bc62d165ad6d36851eeae9446,6364fdaa0a0eccd823a779fcdd489173f938e91a
3c498126895c1aa81c1af6badeca2335fb9aa44d,6364fdaa0a0eccd823a779fcdd489173f938e91a
08045157b0d8d59bc26e593497a1090033a1a5f6,6364fdaa0a0eccd823a779fcdd489173f938e91a
637a2a850013901c02f10f35ad71e941a6d50e13,6364fdaa0a0eccd823a779fcdd489173f938e91a
75e543d37039988d03231aeeb67eae804870b06b,6364fdaa0a0eccd823a779fcdd489173f938e91a
f0856d81257e10711e2e070324c07ff90dee6b60,6364fdaa0a0eccd823a779fcdd489173f938e91a
e7dcd53eea98c561d081fb3bbe2dc86134ecc333,6364fdaa0a0eccd823a779fcdd489173f938e91a
a9febf1282a0af0d6498192574c4fe27f2161bb1,6364fdaa0a0eccd823a779fcdd489173f938e91a
d96f95a119340af7eed48a2212b9d2c278ab2b0e,6364fdaa0a0eccd823a779fcdd489173f938e91a
a6363533ca50cf20f45998bd88bca30fc036ebd5,6364fdaa0a0eccd823a779fcdd489173f938e91a
40e47346d1a46955ce621d516603a58cb97f9ff6,6364fdaa0a0eccd823a779fcdd489173f938e91a
bcfac91c6f7464065c1d8550dc5e271b3da41f30,6364fdaa0a0eccd823a779fcdd489173f938e91a
b22c0027e4e5067f1127de68f0d0a265e32cfa32,6364fdaa0a0eccd823a779fcdd489173f938e91a
7a04d2fb462787fbcfbdd5ef81489f871e23b6ec,6364fdaa0a0eccd823a779fcdd489173f938e91a
c919cde254a8435e991a09cf4d63f94f6b304b90,6364fdaa0a0eccd823a779fcdd489173f938e91a
f7191e99f36eee9755d8c1e07c37f32cb6ca9260,6364fdaa0a0eccd823a779fcdd489173f938e91a
60221438ee4ba88b058a0c7fb8fb303c3769d797,6364fdaa0a0eccd823a779fcdd489173f938e91a
a76b7d2b5e466572bb830dbd7795d39dad0bd5d0,6364fdaa0a0eccd823a779fcdd489173f938e91a
babdc7e66e6acb01f100951bb21ee4d0a7515828,6364fdaa0a0eccd823a779fcdd489173f938e91a
1f6d15cfa3f283ba9da7c6b21dd101fdc6c874fb,6364fdaa0a0eccd823a779fcdd489173f938e91a
19c233c2e72d2c111309b9562e753447079b8310,6364fdaa0a0eccd823a779fcdd489173f938e91a
c9bc8b53139eeb5bcf7469f175475c78c10a99a2,6364fdaa0a0eccd823a779fcdd489173f938e91a
ad30a109bb50896a8a929432921b20e05cfdbf67,6364fdaa0a0eccd823a779fcdd489173f938e91a
930616a9b978248d51304cc710904695faafb135,6364fdaa0a0eccd823a779fcdd489173f938e91a
8e8d395ab33ef4ea51b77edd91bf2abc8fd1d837,6364fdaa0a0eccd823a779fcdd489173f938e91a
e05ff34843d9fab988e837ee5d7796e6c2f35293,6364fdaa0a0eccd823a779fcdd489173f938e91a
dbf07cc6cd5e636506936700f36f136848522adc,6364fdaa0a0eccd823a779fcdd489173f938e91a
f0cde4b128169c714af193b7538b13e78090e5a2,6364fdaa0a0eccd823a779fcdd489173f938e91a
b7981b8028949172addac96cc0c61579e3be3abf,6364fdaa0a0eccd823a779fcdd489173f938e91a
c8e727272183071fa4e398967bf5ebde529c6178,6364fdaa0a0eccd823a779fcdd489173f938e91a
474760c069731e211dce33551357892d9153fbbc,6364fdaa0a0eccd823a779fcdd489173f938e91a
19fb8b1e47ffcfb61ff61ed46f5e87dae9f97ace,6364fdaa0a0eccd823a779fcdd489173f938e91a
63c98d017bde87b0fed80082cffe0a3de301e28d,6364fdaa0a0eccd823a779fcdd489173f938e91a
e9e9301019f3172abb969bcaf8f3910158e48435,6364fdaa0a0eccd823a779fcdd489173f938e91a
7a4047b0ad11406deacb7c275f55ebee1df3cb6b,6364fdaa0a0eccd823a779fcdd489173f938e91a
2ea75ca16ecee78c18c0130aaed2129c962f507b,6364fdaa0a0eccd823a779fcdd489173f938e91a
a10a2364c7be00185bb9c2d3f9c85e3736df12c1,6364fdaa0a0eccd823a779fcdd489173f938e91a
42e68f911c7052e411a05e35c68bba1e75a13f37,6364fdaa0a0eccd823a779fcdd489173f938e91a
2ebeef6204cd4a6108b00b9ad4f990c06f6edc5e,6364fdaa0a0eccd823a779fcdd489173f938e91a
f4a54a346a8ee7833a5f8bc115ae1b872f8b474a,6364fdaa0a0eccd823a779fcdd489173f938e91a
21812d8f8443a75ff43b88771b5c8083001eef52,6364fdaa0a0eccd823a779fcdd489173f938e91a
2a917967c33f83bf4bf93163af0cb742254ec5bb,6364fdaa0a0eccd823a779fcdd489173f938e91a
0122c1a2c020db9e21f1f8586b0afae927d1be46,6364fdaa0a0eccd823a779fcdd489173f938e91a
20bf1837d404fcc1e4fd959258bb6944f3c57d5b,6364fdaa0a0eccd823a779fcdd489173f938e91a
6fc5babcfcd946e6efef770595a2f721ca81a00a,6364fdaa0a0eccd823a779fcdd489173f938e91a
4684828b4cdf9736e2a1b96723316225b7ac0f69,6364fdaa0a0eccd823a779fcdd489173f938e91a
82dae8d53ca2984b73668011d28067081c39af22,6364fdaa0a0eccd823a779fcdd489173f938e91a
6f2d5431a7a3296d9a118b37f8a35e1aee208693,6364fdaa0a0eccd823a779fcdd489173f938e91a
22cdfa8e94d2d476a90985a3b8f85bfc51961e6b,6364fdaa0a0eccd823a779fcdd489173f938e91a
412d4d14e454a06c33ef9b7c9bc9968e21bbc1d7,6364fdaa0a0eccd823a779fcdd489173f938e91a
72b4ffa783a86b79e790efce0b1e78eb369a3963,6364fdaa0a0eccd823a779fcdd489173f938e91a
34882f9b74d323be4a58df483f59cf2ae075be3a,6364fdaa0a0eccd823a779fcdd489173f938e91a
99b2e64591459ce784b721c6efce4fc6cf3b9aa5,6364fdaa0a0eccd823a779fcdd489173f938e91a
29081f5e61f43af662bbcabb3327fa8f914699d7,6364fdaa0a0eccd823a779fcdd489173f938e91a
3ecb8447b2c2bd1c0a890ca2425cae26c2b1df51,6364fdaa0a0eccd823a779fcdd489173f938e91a
d670b0ab85ae0edf309c40d9f6223b3d626aba49,6364fdaa0a0eccd823a779fcdd489173f938e91a
fe519fd7b72662aac3fe5297f7fb355686884351,6364fdaa0a0eccd823a779fcdd489173f938e91a
0ae4ce4004321dcc110e678f41e8685c914691c8,6364fdaa0a0eccd823a779fcdd489173f938e91a
2624f63c425905c45bea63db262f396a400931d0,6364fdaa0a0eccd823a779fcdd489173f938e91a
d78739890c64ebf8d146eff3b4c895b5ed1c28e8,6364fdaa0a0eccd823a779fcdd489173f938e91a
89db1243d7dad3f0a8cd22b2590477782b5b84f7,6364fdaa0a0eccd823a779fcdd489173f938e91a
3a43427c43c0bd3719a46dfbc0f5fcdd5d39f744,6364fdaa0a0eccd823a779fcdd489173f938e91a
5ec7e834ae54054b64cd4157e3a1e6f984d1c3be,6364fdaa0a0eccd823a779fcdd489173f938e91a
4116163fc615b18644ced5b4e28c488689cf4380,6364fdaa0a0eccd823a779fcdd489173f938e91a
c9895a28a2e18fa555bdde321b1123bb9210fd75,6364fdaa0a0eccd823a779fcdd489173f938e91a
2aa07f4ab9197b27ab702785db4bfae75c07b9fe,6364fdaa0a0eccd823a779fcdd489173f938e91a
18c327c7f6976e91e1e73ff6285dbb6a2d5a8d82,6364fdaa0a0eccd823a779fcdd489173f938e91a
8cee71b28ade59af4041e15afed600aa2fc97a0e,6364fdaa0a0eccd823a779fcdd489173f938e91a
58f7c060ed0cfda2080eaaf043bcf1a95c031291,6364fdaa0a0eccd823a779fcdd489173f938e91a
f0e2ed220ecbd884feaf5181619b1e660b4aa61e,6364fdaa0a0eccd823a779fcdd489173f938e91a
ecebc05fee6e921dce09f8af459c009f22c3d0fd,6364fdaa0a0eccd823a779fcdd489173f938e91a
44703677119ada6984c26f2fb7b577f414a47260,6364fdaa0a0eccd823a779fcdd489173f938e91a
d30c443dda7a2ca005a60e712bf7bf63e8cfe4ab,6364fdaa0a0eccd823a779fcdd489173f938e91a
ff0f8fa72dcbeed10128e6d17b31fe5d517c967a,6364fdaa0a0eccd823a779fcdd489173f938e91a
e99977e9a4dff6b923670e1ae46a2b1185c31a5d,6364fdaa0a0eccd823a779fcdd489173f938e91a
19b5ecc33240488ea441534e6586533a6e82acda,6364fdaa0a0eccd823a779fcdd489173f938e91a
bacb7e4d55a5b757d1b1a5fef613457c300d713f,6364fdaa0a0eccd823a779fcdd489173f938e91a
f17b1d0e747834b966b5bafbe029d64f2df8a94e,6364fdaa0a0eccd823a779fcdd489173f938e91a
e1cd142607f0ace3dc3c0d6a4c7fc0eefe0d0bc4,6364fdaa0a0eccd823a779fcdd489173f938e91a
c37130ed960d62e077e589198b272e6ac94c27e4,6364fdaa0a0eccd823a779fcdd489173f938e91a
e5f03552176ba35255dd3f41801f60a9dded7c01,6364fdaa0a0eccd823a779fcdd489173f938e91a
f1e102f12ea834efe1fdd17e509c2e4ce52b828b,6364fdaa0a0eccd823a779fcdd489173f938e91a
86667478df9da042a1f4cbba4af65a64789db2fd,6364fdaa0a0eccd823a779fcdd489173f938e91a
b24ae09b264a55ab2c78645d36625e215a7cc867,ca209835310c6064179763fc8d61dc0445b7e88d
df76606264bd8548dfdd910f2eb9584c542ca32e,ca209835310c6064179763fc8d61dc0445b7e88d
8e7bd07bcf3e0c4a25b7c37c5a88e44e6a0063cc,bac05776dc7116d8c92f8a315e451e44ea128245
1039f7f391a6138ece90b556ac46feb134dea6db,c072b13d06c835c4c045eae3dc50c7248fb79870
815b81070abbb61b41618cafbd20e33ff6ab828b,3be2093d1be9543161d553d8c70932868acf63ac
77fe3ac588f78e131547d7fc8060d995f0c8a1c9,f13c4071548f7435adb167b5d7e4935920fa0766
ee577201ef3046616527a5afcf1768bcfad55b97,f13c4071548f7435adb167b5d7e4935920fa0766
88c6132a93b7d2226218ef8e955e8417eff3c798,f13c4071548f7435adb167b5d7e4935920fa0766
afd919b2a2a7566026d290a41bf6cbb749fc7ceb,f13c4071548f7435adb167b5d7e4935920fa0766
845599df61e810ace4645239d73c11a685da104c,f13c4071548f7435adb167b5d7e4935920fa0766
f58f063fa2e1541f8f653acbbdc45b887aa584dc,fdc8151662cf5a3013a056f6a48c7711f3e1bb27
9bca302854d96068da7428179e16765c972020ce,5b7d1a915659514a31d56606a5a0edfc35575070
6b2b493fe258c103cf8a889c2dd82ecd6423d3c5,403e7fc4c9f12a2cd4a20af0d24880691e29f91e
0406fd52a9ce56b84d8a981853f975095539b19d,41c80409fc4b0e08a819960959ba6218189cd536
a41b44a4b66b43023da4a3e3beaa39eda6543685,c4cdddf4e83973b183f2712f1113b354433bdfd3
28cd2109a9c46c9aca85cf30f18b67aaefd2bb0b,edaccfbe58981d0f7beada54fce5485218d90363
c05af53273b003757a4e6481c6700902eb7d5529,35febfc53a65160b97bf56aeffcda0c22d9a0bef
4825ef0c34187451add6a07568897df84ef70521,380ec71dbdf640183cf033ec67fb3aa12cc2a671
22b2609fc8930c68bc748a25ef28c9c35bc9c233,380ec71dbdf640183cf033ec67fb3aa12cc2a671
54494f12390ec11784ac1f9f15ff671d7d981f02,380ec71dbdf640183cf033ec67fb3aa12cc2a671
9ff3a6d5be5d392c9dfec0e412034664c2593de7,380ec71dbdf640183cf033ec67fb3aa12cc2a671
f340dad0d38834d4a2ffac0ad63ab2ced07bf73a,380ec71dbdf640183cf033ec67fb3aa12cc2a671
d1fa69807cdc629f2069d6ae316554e6f596fdf7,da4b4d5c80dc0dfc67df4acd3d5d525b0acd608a
a4a557760f6111edb2cc01d33617a51aa79507f5,b46736a9fbcc4357ed2e184dcfa2f92a6bc83442
4acd333087098781423cdfb3546526f9f281ae83,b46736a9fbcc4357ed2e184dcfa2f92a6bc83442
7aef1c9ad2c4f23b57a73f739f5222b5c07355fd,bbc8598bd0a368393c97abcbc09d2235802803e6
8841f360a1b98fb318b0889619cd4cc7624f829f,f3771ec44c3d80a5a5b998eec81573af15ed20c1
32c19b43cac2308ce498882e9ebbd06c66460338,896605b9f875b2fe6ff9f39b61aa916c3b0cafce
63c2eb636abf2dd0454469b636ddb4a65cd2d2cb,9d8f9b89cb8d9be426fb9abc415a589a65fd88c1
a81c295f143d98e547218c44db822a99306ba9a2,4db3e67752f6c498323a836892d8eac22337b6b3
2a6d8e53209187482dc43d7026a6a70d763d5d11,d4e8b9144ab96ebde1c64407ca66ecc9705a1cb7
e72efe88b16972f115f9dc85f0f2b165a9f4e6a9,06dba3977ce4bb4eee58b347bba340056f00a1ec
bbe46d9a24c69147d985f68f31fbb7fd571a52ea,d22210c5c30f1b788c63cf3efa66ebf88422da5a
4d03f8634103493e340a69fcb33c78929777d5f2,d22210c5c30f1b788c63cf3efa66ebf88422da5a
5fbf8d5eaeeed370f2f6d525f1f7f2c249481be3,d22210c5c30f1b788c63cf3efa66ebf88422da5a
e265a8e13907d67de95b19f9bd6fba951e6a9fbf,b5bc7378be795ba718b103d5cbe34799fead2286
98c8908bd1ba8ea1374017666b635b36d8391a59,4404fbf565e5dcae0b18f96d93c8f0954885846d
35e2175ffa1c5d4e15bd559c4a7af7606b70ccf2,4404fbf565e5dcae0b18f96d93c8f0954885846d
1d77cb0516c76423b14caa6e6e37266924efe6e9,e36fbf5d6803fdb9c807d1f11fdcf198f1e6330d
7f43569ff1c1ef625ed14df07c4dc7fc0095a167,b80ba3a1ea76ddda05f6f06c26fd51fd8cce3063
5692301c7f7503391ec612a6b3e8978249d241ae,10e9ab85c70588c66f6b6e0ee3e924aa838e5a66
f20dc28114c4e35805d3ef0159b9c460b4c9d697,6f99f714d1e4abf2b65985f5b4b253a6839ce885
8f97799c2cd4dd0019e3426517af664ed6974f3b,e6bc874cd55a673a3d8f1290fd35ae18cd02eacf
ab89c040de04efc5150e6b0e0f6f29f38d82e8ac,d26fee1e36613cec18e79abbace5b76f31214128
cbaea6ac3ffba156dd7e6e631be29e4c6c3bef72,f2d5da2d84b95279f1045873bf1f16d51686c319
e1cd142607f0ace3dc3c0d6a4c7fc0eefe0d0bc4,e6047a8098e1581c7300723dc5847646c5f7844f
3c702ba1e42bbb29cc97bf4d51ec4a139c5ae98b,0595d58eb4aea0d0d2abf35f948a8212ce5247b0
444e86ad43ac86c2cb79a20693a485562fa03962,5e02abfe56338520c109fa0f00e0b009c0588352
4f492044068459e4f8afcd09395baba8bb96fdbf,ee6923ac9f94ace6c28be4e8a8cfd43b521a69fd
5f5d27f387abbaeb43c3485a618036935c4eec22,487ad54653a74b99b4351db92f10378a78b8285f
faf20ca237b0f9f46ed0c93fd8d597626e92dc58,947e53b51bcd81dfb3e37d0733d0e315ad8ca750
42465b6811829098da016246954bdabe3c623cd3,e48adf930e776b6a56e3389de32f99d43f10c600
ff988648243171b09409be37952323790c184b21,633767f62cd08c332a6066e7da2ddf63ad63997a
af8c1be29110eacefadb30a94f1694b281b93673,5a2aeda240a24479b09947ffc7d13feff1907342
7381cedda16dfacdc6b5fee9c8a2eb25f9b52a57,672484686296b1aaf3a56e8057117a081ec5e9c0
e8701754f31650e0900e931d6149e1a1a1644cee,bf91a592bdcf08b3059ca955aa2d488f4a92089b
8f841ea319fbb8245adf497858c2bf7f64d5a071,bf91a592bdcf08b3059ca955aa2d488f4a92089b
c62c413c6e120d61c46ddea990b578b4693922df,37b07c0fd57274cc18c8e9348a9d08e2d786e6b0
ec4acc8bfeab1dd57c95b598bcc197e750190c8b,37b07c0fd57274cc18c8e9348a9d08e2d786e6b0
a50b021db6353350e5767bebad9339a9878c628f,46b56e015992d91f3d5fe8fdd298712369ed13d2
dee034c785f0b3bbb4298365d91d9eadb8a88806,46b56e015992d91f3d5fe8fdd298712369ed13d2
d221058f7a4500b144c59fb7b9a6dea056a4c61c,bf50a7a927a0a90ccd7a83866271e14d8a428d99
51e5b220635b0f702790e1d7d7809dd2739e0ca3,2e3bf43d8d4207471ed5f9310e06f0f760f0b6d9
e2814a544ebd96176c2ee65cbcce5f3da935bbcf,d8c1d58bbd008e1b5e13798e0410f8e27cbf9d1a
26df8ec5364fd85915e28ece00003c05b0da3cd0,bda2a5082c4ac0473c7592bc220442b5f43cfb90
0d0da060900f673eebbeaa0f712e9b5e133cf180,92f3724bfc546c9534c0e12e038444992d19792d
31f4c011dee91b7ed84b3e92ee0ee59f5e7675b6,d50a6b10f4d115a137c3933fb79a49790f503206
f5eb5c11a926ac9f28ea11ebf640324d510d3955,1a1213d3b4e1a5a57fd69b6226db2f13ce9e5264
0b037f4be915a66628c2cb9e249f4962ad25e0ed,dd13e08989e8620f566b815f55ce6e98f7513fef
c2526603cc3db2c574bdaa725ede7f6d0894941b,f34877f6c65cf0a8bc45ff83ba745bcbb05ee727
238364457369ec35d0d1b97c6fae8ad450243aa1,f34877f6c65cf0a8bc45ff83ba745bcbb05ee727
c4e5d90617fd56d5b262110f75bdd6721ce00c61,f34877f6c65cf0a8bc45ff83ba745bcbb05ee727
4766245618046abebed03e2cdc601e1ec80c2ab3,f34877f6c65cf0a8bc45ff83ba745bcbb05ee727
9249da5aeb4e72409228b04d9ea29f98088ebefe,f34877f6c65cf0a8bc45ff83ba745bcbb05ee727
d4148f9b9fe39a3c5beb931e7c7147f769d86ab4,f34877f6c65cf0a8bc45ff83ba745bcbb05ee727
a91ab89d6f1e295dfef6f4b51b6c7bcf52ec7e6d,f34877f6c65cf0a8bc45ff83ba745bcbb05ee727
4dc6e73b54cf4217c2e12e0ba3944c01bed88cb0,f34877f6c65cf0a8bc45ff83ba745bcbb05ee727
f9ea17354f718e149395127e0b94264b7771b1bb,f34877f6c65cf0a8bc45ff83ba745bcbb05ee727
de38411f8de9927e4e924bf8d4acc99f8f12ff00,f34877f6c65cf0a8bc45ff83ba745bcbb05ee727
45abd9509141a125c857508d978a944843328dc8,f34877f6c65cf0a8bc45ff83ba745bcbb05ee727
61020bce1bbb70c0c5164e29b4dce8c1ebc3c190,f34877f6c65cf0a8bc45ff83ba745bcbb05ee727
a2f6a9f26b574c28511b4d0d697bfbb36f02eb11,5b4e505ea19edf143dc9a65d4d61484c2f830359
682e7bb61144b490cdf4dfe2d8c767f38a9f8b64,e1f3917c5cb606e4277830536049b885c9d45a5b
0f7a7c151544127028cda48a2b5b7d89c92a6b68,e1f3917c5cb606e4277830536049b885c9d45a5b
5152b487416195caa6493efba96cbdbb5b91fbf7,e1f3917c5cb606e4277830536049b885c9d45a5b
0c462e30550c5b5d44e262731f29c7ad5c390662,e1f3917c5cb606e4277830536049b885c9d45a5b
6b88dcd00cac24d82c4d2cd829ebdbc6eb1562b5,a5819666ebd7e65a2c52de3b684a16b1ca5addb9
c28c9ffe2e35b54c7376d057b9b962f3e9f4f90a,f084321d8097fabe43d7a2351b8ce8a1923dcb91
6f5354888df83f08f8824a80686770fa848b4acd,289ed413a50e837c9be04ab1fe4b085b20c55716
682e7bb61144b490cdf4dfe2d8c767f38a9f8b64,6709758f9e00a785cae5ec95b6b37719f8deb4ae
0f7a7c151544127028cda48a2b5b7d89c92a6b68,6709758f9e00a785cae5ec95b6b37719f8deb4ae
5152b487416195caa6493efba96cbdbb5b91fbf7,6709758f9e00a785cae5ec95b6b37719f8deb4ae
e1f3917c5cb606e4277830536049b885c9d45a5b,6709758f9e00a785cae5ec95b6b37719f8deb4ae
0c462e30550c5b5d44e262731f29c7ad5c390662,6709758f9e00a785cae5ec95b6b37719f8deb4ae
af67124705feaf82c90a5a402851d878ebadda7d,538565401e04b83a31b3a8da1b2ef4ab224fb75f
e0749625be2309f4cc8e6a095b53f972865a34ce,bc9be04416b43d44b29e8b28cf7d4dfa48ba3045
9550ed2b9f6a6f98024ab3ef93d9df216a649815,740a983111df6c3c28a687779593bdd5d1e0e839
a8b62a0b0eb498d71a135e93cef07d51ab1ecdda,740a983111df6c3c28a687779593bdd5d1e0e839
dcfd344ff85a9f86bcdb3b4a90e8d5e9094fd017,b19984ae2950f3ef4f8673e93a8e6826e4e7eac2
d8542f6e8dfacc6d6a84ebc2eab2467e0ad3c383,b19984ae2950f3ef4f8673e93a8e6826e4e7eac2
3015fcb238ab854a95098cec37f31d61d5e1e5a8,dcf7fac663ef10057c549d16e8a648c6660db987
2a6174cd2fe214baf10a479dd47e19a56b108768,3a0d55723ebd195f0c178ed5ae09f8864b11522c
3a2e492463eccde101b5460c06180b82448b4440,40bc222d97c3f7c3835444bdcb2ee1b9ba77e8c2
a425be08318d408b695db5cb46461562588b7c91,40bc222d97c3f7c3835444bdcb2ee1b9ba77e8c2
05610838856f92493e469b23c63a50e7d5553db4,40bc222d97c3f7c3835444bdcb2ee1b9ba77e8c2
9ff3a6d5be5d392c9dfec0e412034664c2593de7,08045157b0d8d59bc26e593497a1090033a1a5f6
4f11d22d2cf7a7404b7ef82187c07eede7e7a2f4,08045157b0d8d59bc26e593497a1090033a1a5f6
81c0f9452653413a4bce547b1192a88a4ce4620b,19c233c2e72d2c111309b9562e753447079b8310
f7b0c722d383c46392243453390b7a00fd984f9f,19fb8b1e47ffcfb61ff61ed46f5e87dae9f97ace
0becf9b6fa1ff1fb1ecdd26aa5dc4d8211e93c6e,2a917967c33f83bf4bf93163af0cb742254ec5bb
f9fc4b20074b05a46fd7d9714810fb5102fa5f99,412d4d14e454a06c33ef9b7c9bc9968e21bbc1d7
24f7b51263abeabe2f4c15f404e9bc8831d254fc,4116163fc615b18644ced5b4e28c488689cf4380
10fac9486996a1f2b67ce0d980dbeca3fa8e37ac,4116163fc615b18644ced5b4e28c488689cf4380
